id;bezirk;name;shortname;strasse;plz_ort;von;bis;veranstalter;oeffnungszeiten;email;w3;bemerkungen;lat;lng;rss_titel;barrierefrei;immer-kostenlos;Mo;Di;Mi;Do;Fr;Sa;So;closed-exc;closed-exc-readable;hours-exc;hours-exc-readable;ignore;merged;international;action;image;urheberschaft;train;train_distance;short_distance;rss_beschreibung
1;Altlindenau;Der kauzige Wintermarkt;Der kauzige Wintermarkt;Jahnallee 52;04177 Leipzig;31.10.25;18.01.26;Herr Kauz;16:00-23:59;;https://herrkauzig.de/der-kauzige-wintermarkt;<a class='text-sm underline' target='blank' href='https://herrkauzig.de/der-kauzige-wintermarkt'>Offizielle Seite</a>;51.338934;12.3424501;Der kauzige Wintermarkt;unbekannt;1;0;16:00-23:59;16:00-23:59;16:00-23:59;16:00-23:59;16:00-23:59;16:00-23:59;03.11.25,10.11.25,17.11.25,24.11.25,01.12.25,08.12.25,15.12.25,22.12.25,29.12.25,05.01.26,12.01.26;montags;0;;0;;1;1;herrkauzig.jpg;Jörg Reichert, CC BY-SA 4.0;Sportforum Süd, Straßenbahn 3, 7, 8 oder 15;501;0;Der kauzige Wintermarkt mit Marktständen, Musik und PartyParty nach dem Wintermarkt Mittwoch und Donnerstag – ab 21:00 UhrApres Party mit den beliebtesten Apres Ski Hits Freitag – ab 22:00 UhrKauzige Themenabende (Latino / 80er / 90er & 2000er / RnB & HipHop / Querbeet) Samtag – ab 22:00 UhrKauzTanz mit Pop, Rock und Hip Hop – Klassiker der 80er, 90er und 2000er / Melodic House & Techno Sonntag ab 18:00 bis 22:00 UhrMittwoch bis Sonntag immer 16:00 Uhr bis 22:00 Uhr
2;Markranstädt;Markranstädter Weihnachtsmarkt;Markranstädter Weihnachtsmarkt;Marktplatz 1;04420 Markranstädt;06.12.25;06.12.25;mehrere;14:00-21:00;;https://markranstaedt.de/de/markranstaedter_weihnachtsmarkt.html;<a class='text-sm underline' target='blank' href='https://markranstaedt.de/de/markranstaedter_weihnachtsmarkt.html'>Offizielle Seite</a>;51.3019336;12.220582363130251;Markranstädter Weihnachtsmarkt;unbekannt;1;0;0;0;0;0;14:00-21:00;0;0;;0;;0;;0;0;markranstaedt_kirche.jpg;Jörg Reichert, CC BY-SA 4.0;Bus 65 bis 'Markranstädt, Schulstr. (Markt)';65;1;Bühnenprogramm: 14:00 Uhr Adventsmusik mit Andacht in der St. Laurentiuskirche, 14:30 Uhr Eröffnung durch die Bürgermeisterin und den Posaunenchor, 14:45 Uhr Auftritt KiTa Spatzenhaus Altranstädt, 15:10 Uhr Auftritt der Grundschule Markranstädt, 15:30 Uhr: Auftritt der KiTa Forscherinsel Seebenisch, 15:45 Uhr Auftritt der KiTa Waldknuffel Markranstädt, 16:00 Uhr Auftritt des Kultur- und Faschingsverein Seebenisch e.V., 16:30 Uhr Der Weihnachtsmann kommt! Begrüßung auf der Bühne und anschließend Sprechstunde im Bürgerrathaus, 16:45 Uhr Auftritt des Markranstädter Carneval Club e.V., 17:15 Uhr Auftritt des Chors von der Oberschule Markranstädt, 18:00 Uhr Siegerehrung des „Besten Stollenbäckers 2024“ von Markranstädt, 18:30 Uhr Auftritt der Markranstädter Stammtischler, 20:15 Uhr THNC -Schülerband von Markranstädt
3;Holzhausen;Weihnachtsmarkt am Zuckelhausener Teich;Zuckelhausener Teich;Zuckelhausener Ring 17 ;04288 Leipzig;13.12.25;13.12.25;Heimatverein Holzhausen e.V.;14:00-23:59;heimatvereinholzhausensachsen(at)web(dot)de;https://www.berggut.de/veranstaltungen/aktuelle-veranstaltungen/aktuell-detail/termin/2025/dezember/13//weihnachtsmarkt-holzhausen;<a class='text-sm underline' target='blank' href='https://www.berggut.de/veranstaltungen/aktuelle-veranstaltungen/aktuell-detail/termin/2025/dezember/13//weihnachtsmarkt-holzhausen'>Offizielle Seite</a>;51.30342633572286;12.452355509581167;Weihnachtsmarkt am Zuckelhausener Teich;unbekannt;1;0;0;0;0;0;14:00-23:59;0;0;;0;;0;;0;0;holzhausen.jpg;Jörg Reichert, CC BY-SA 4.0;Bus 74 bis Haltestelle 'Leipzig, Zuckelhausen';148;1;Der Heimatverein, die Freiwillige Feuerwehr und die Kirchgemeinde Holzhausen laden am 14. Dezember 2024 ab 14:00 Uhr zum vorweihnachtlichen Nachmittag an den Höfen um den Zuckelhausener Teich, im Heimatverein und in der Zuckelhäuser Kirche ein. Weihnachtliches Flair mit viel Lichterglanz und vielen Überraschungen für Groß und Klein kann der Besucher erwarten. Auch die gastronomische Versorgung kommt nicht zu kurz. https://www.holzhausen-sachsen.de/veranstaltungen/weihnachtsmarkt/index.htm
4;Kleinzschocher;Advent in den Hinterhöfen Kleinzschochers;Advent in Kleinzschocher;Windorfer Straße 49;04229 Leipzig;13.12.25;13.12.25;Kleinzschocher;14:00-17:30;;https://www.leipzig.de/kultur-und-freizeit/veranstaltungen/eventsingle/event/advent-in-den-hoefen-kleinzschochers-1;<a class='text-sm underline' target='blank' href='https://bi-kleinzschocher.blogspot.com/2025/11/vorbereitungen-zum-advent-in-den-hofen.html?m=1'>Offizielle Seite</a>;51.3151051;12.327702615219494;Advent in den Hinterhöfen Kleinzschochers;unbekannt;1;0;0;0;0;0;14:00-17:30;0;0;;0;;0;;0;0;taborkirche.jpg;<a href="https://commons.wikimedia.org/wiki/File:LE-Kleinzschocher_Taborkirche.jpg">Radler59, CC BY-SA 4.0</a>;Straßenbahn 3 bis Haltstelle 'Adler';381;1;Bereits zum 7. Mal veranstalten Einwohner/-innen und Akteure aus dem Stadtteil mit Unterstützung der Bürgerinitiative Kleinzschocher den Advent in den Höfen am Samstag vor dem 3. Advent in verschiedenen Höfen und Räumlichkeiten Kleinzschochers. Neben den Örtlichkeiten selbst gibt es Vieles aus liebevoller Hand zu entdecken – sei es leckeres Weihnachtsgebäck, (weihnachtliche) Raritäten aus privaten Haushalten und natürlich selbstgemachten Glühwein (mit und ohne Alkohol). Das Papiertheater "Zscho" lässt mit einer Weihnachtsgeschichte Kinderherzen höher schlagen. Mancherorts wird zum Basteln, Filme gucken oder am wärmenden Feuer zum Stockbrot eingeladen.In vorweihnachtlicher Atmosphäre trifft sich hier nicht nur die Nachbarschaft. Auch Gäste aus nah und fern sind herzlich willkommen. Zum Ausklang des Abends gibt es eine spektakuläre Feuershow für Groß und Klein vor der Taborkirche von Ilja Molle und abschließend ein Konzert in der Taborkirche mit der Bigband der Musikschule Leipzig. Weihnachten kann kommen!14 Uhr - 17:30 Uhr (mit einigen Ausnahmen, siehe Programm)www.biklz.de
5;Markkleeberg;Adventsmarkt Kees'scher Park;Brot & Kees;Kees'scher Park 1;04416 Markkleeberg;30.11.25;30.11.25;Kees'scher Park;11:00-18:00;;https://www.leipzig.de/kultur-und-freizeit/veranstaltungen/eventsingle/event/advent-im-park;<a class='text-sm underline' target='blank' href='https://www.brotundkees.de/advent-im-park/'>Offizielle Seite</a>;51.27981792051426;12.35611786931463;Adventsmarkt Kees'scher Park;unbekannt;1;0;0;0;0;0;0;11:00-18:00;0;;0;;0;;0;0;keescher_park_markkleeberg.jpg;<a href="https://commons.wikimedia.org/wiki/File:MKBler_-_943_-_Adlertor_(Markkleeberg).jpg">MKBler, CC BY-SA 4.0</a>;Bus 65 bis 'Markkleeberg, Mehringstraße';158;1;Adventsmarkt von Brot & Kees mit weihnachtlicher Musik und verschiedenen Ständen und Händlern. https://www.brotundkees.de/advent-im-park/
6;Gohlis-Süd;Adventsmarkt im Kulturhof Gohlis;Adventsmarkt im Kulturhof Gohlis;Eisenacher Str. 72;04155 Leipzig;29.11.25;30.11.25;Kulturhof Gohlis;11:00-20:00;post@kulturhof-gohlis.de;https://www.leipzig.de/kultur-und-freizeit/veranstaltungen/eventsingle/event/adventsmarkt-im-kulturhof-gohlis;<a class='text-sm underline' target='blank' href='https://kulturhof-gohlis.de/'>Offizielle Seite</a>;51.3623866;12.3592455;Adventsmarkt im Kulturhof Gohlis;unbekannt;1;0;0;0;0;0;13:00-20:00;11:00-18:00;0;;29.11.25=13:00-20:00,30.11.25=11:00-18:00;;0;;0;0;kulturhof.jpg;Jörg Reichert, CC BY-SA 4.0;Straßenbahnen Linie 10,11 (Haltestelle Wiederitzscher Str.) und der Linie 4 (Haltestelle Lindenthaler Str.);279;1;Knapp 30 Ausstellerinnen und Aussteller nehmen am 1. Adventswochenende wieder am diesjährigen Markt bei uns im Kulturhof Gohlis teil.Stände mit Modeaccessoires, Keramik und Porzellan, feiner, erlesener Schmuck, Feinkost, Naturkosmetik, wunderschöne Papeterie, Filzkunst, allerlei Wohnaccessoires und vieles mehr bieten den Besuchern eine wunderbare Auswahl an Geschenkideen. Alle Aussteller sind Designer/-innen, Kunsthandwerker/-innen und Manufakturen aus Leipzig und Umgebung.Erstmalig öffnet ein weiteres Gebäude im Kulturhof Gohlis, in dem sich Bildende Künstler/-innen präsentieren. Es gibt Workshops für die Kleineren und gemeinsames Singen…Für die kulinarischen Genüsse sorgt das Werkcafé mit den liebevoll hausgemachten Köstlichkeiten. Der Eintritt ist frei!Samstag: 13 bis 20 UhrSonntag: 11 bis 18 Uhrhttps://kulturhof-gohlis.de/
7;Hohenheida;Adventsmarkt und Kerzenziehen;Adventsmarkt und Kerzenziehen;Bienenweg 14;04346 Leipzig;14.12.25;14.12.25;Imkerei Beer;11:00-18:00;;https://www.imkerei-beer.de/info/termine-und-aktuelles.html;;51.419213301086245;12.451029922691248;Adventsmarkt und Kerzenziehen;unbekannt;1;0;0;0;0;0;0;11:00-18:00;0;;0;;0;;0;1;;;Bus 86 bis 'Hohenheida (Leipzig), Lindengasse';334;1;Auch in 2025 laden wir euch wieder zur unseren kleinen, gemütlichen Adventsmarkt ein. Ihr könnt wieder am Lagerfeuer zu Stockbrot, heißen Met und heißen Apfelsaft den Adventssontag - die Weihnachtszeit genießen. Hungrig muss niemand nach Hause gehen. Wir haben für jeden Geschmack etwas dabei, eine leckere Bratwurst, einen frischen Flammlachs oder einen süßen Crêpes. Dazu Met, Apfelsaft, Kaffee oder Tee zum aufwärmen. Mit etwas Geschick zieht Ihr euch Eure eigenen Kerzen beim Kerzenziehen. Wer es gemütlich mag, setzt sich in der Imkerei in die Leseecke und hört sich die weihnachtlichen Geschichten an. Der Verein LeseLust Leipzig e. V. liest an dem Tag dreimal Weihnachtsgeschichten vor. Sportlich wird es für die Kleinsten beim Pony reiten, Geschicklichkeit und Reaktionvermögen ist bei den Holzspielgeräten gefragt, ob beim Stockfangen oder Tischhockey lustig wird das auf jeden Fall.
8;Dölitz-Dösen;Dölitzer Adventsmarkt;Dölitzer Adventsmarkt;Vollhardtstraße 16;04279 Leipzig;30.11.25;30.11.25;Dölitzer Wassermühle;14:00-23:59;;https://www.leipzig.de/kultur-und-freizeit/veranstaltungen/eventsingle/event/adventsmarkt-in-der-doelitzer-wassermuehle;<a class='text-sm underline' target='blank' href='http://www.doelitzer-wassermuehle.de'>Offizielle Seite</a>;51.288879550000004;12.3879410063287;Dölitzer Adventsmarkt;unbekannt;1;0;0;0;0;0;0;14:00-23:59;0;;0;;0;;0;0;wassermuehle_doelitz.jpg;<a href="https://commons.wikimedia.org/wiki/File:20240608.Wasserm%C3%BChle_D%C3%B6litz.-029.jpg">Bybbisch94, CC BY-SA 4.0</a>;Straßenbahn 11 bis 'Friederikenstraße';267;1;Süße Dinge und schöne Gaben gibt es am 1. Advent in der Dölitzer Wassermühle. Kinderbackstube, Glühwein und Chorgesang läuten die Vorweihnachtszeit ein.
9;Zwenkau;Hafenweihnacht;Hafenweihnacht;An der Mole 1;04442 Zwenkau;07.12.25;07.12.25;Lions Club Leipzig - Tilia lipsiensis;13:30-23:59;;https://www.zwenkauer-see.com/termine/detail/hafenweihnacht-141/;<a class='text-sm underline' target='blank' href='https://www.zwenkauer-see.com/termine/detail/hafenweihnacht-141/'>Offizielle Seite</a>;51.23417845;12.334048942485769;Hafenweihnacht;unbekannt;1;0;0;0;0;0;0;13:30-23:59;0;;0;;0;;0;0;zwenkauer_see.jpg;<a href="https://commons.wikimedia.org/wiki/File:Hafenstein-Zwenkau.jpg">Tnemtsoni, CC BY-SA 3.0</a>;Bus 100, 101 oder 107 bis 'Zwenkau Hafen';118;1;
10;Liebertwolkwitz;Hof-Advent;Stiftsgut Liebertwolkwitz;Markt 11;04288 Leipzig;13.12.25;14.12.25;Hofgenossenschaft Stiftsgut Liebertwolkwitz eG;14:00-20:00;info@hofgenossenschaft.de;https://hofgenossenschaft.com/hof-advent/;<a class='text-sm underline' target='blank' href='https://hofgenossenschaft.com/hof-advent/'>Offizielle Seite</a>;51.2823255;12.464161707847325;Stiftsgut Liebertwolkwitz;unbekannt;1;0;0;0;0;0;14:00-20:00;14:00-18:00;0;;14.12.25=14:00-18:00;;0;;0;0;rathaus_liebertwolkwitz.jpg;Jörg Reichert, CC BY-SA 4.0;Bus 690 bis 'Leipzig, Schwarzes Ross';423;0;Lassen Sie sich einladen, zum Hof-Advent auf den historischen Gewerkehof des Stiftsgutes am Liebertwolkwitzer Markt 11. Hier können Sie, abseits der Einkaufshektik der Großstadt, im vorweihnachtlichen Lichterglanz die unterschiedlichsten Handwerkerstuben aus längst vergangenen Zeiten besuchen: ob Branntweinbrenner, Seilermeister und Grempler, Töpfer oder Parfümeur, sie und viele weitere erwarten Sie.
11;Knautkleeberg-Knauthain;Walradus Hof;Landgasthof Walradus Hof;Emil-Teich-Str. 4;04249 Leipzig;30.11.25;21.12.25;Landgasthof Walradus Hof;14:00-23:59;;https://walradushof.de/veranstaltungen/;<a class='text-sm underline' target='blank' href='https://walradushof.de/veranstaltungen/'>Offizielle Seite</a>;51.279671;12.30584502441339;Walradus Hof;unbekannt;1;0;0;17:00-23:59;17:00-23:59;17:00-23:59;14:00-23:59;14:00-23:59;01.12.25,02.12.25,08.12.25,09.12.25,15.12.25,16.12.25;Montag - Dienstag;03.12.25=17:00-23:59,04.12.25=17:00-23:59,05.12.25=17:00-23:59,10.12.25=17:00-23:59,11.12.25=17:00-23:59,12.12.25=17:00-23:59,17.12.25=17:00-23:59,18.12.25=17:00-23:59,19.12.25=17:00-23:59;;0;;0;0;;;Straßenbahn 3 bis 'Fortunabadstr.';290;1;Weihnachtsmarkt im Walradus Hof. Mittwoch bis Freitag ab 17:00 Uhr Samstag und Sonntag ab 14:00 Uhr
12;Gohlis-Süd;Kleiner Weihnachtsmarkt im Gohliser Wannenbad;Gohliser Wannenbad;Georg-Schumann-Straße 116;04155 Leipzig;30.11.25;30.11.25;Gohliser Wannenbad;14:00-18:00;;https://www.leipzig.de/kultur-und-freizeit/veranstaltungen/eventsingle/event/weihnachtsmarkt-im-hinterhof;<a class='text-sm underline' target='blank' href='https://leipzig.daznotek.io'>Offizielle Seite</a>;51.364352350000004;12.359236933586;Kleiner Weihnachtsmarkt im Gohliser Wannenbad;unbekannt;1;0;0;0;0;0;0;14:00-18:00;0;;0;;0;;0;0;gohliser_wannenbad.jpg;Jörg Reichert, CC BY-SA 4.0;Straßenbahn 10 oder 11 bis 'Wiederitzscher Str.';42;1;Nach Weihnachtgeschenken stöbern, Aufwärmen mit Punsch an der Feuerschale, unterm Weihnachtsbaum weihnachtlichen und unweihnachtlichen Liedern lauschen - das und mehr erwartet Besucherinnen und Besucher am 1. Advent im Wannenbad.
13;Gohlis-Mitte;Advent unterm Ginkgobaum: Kulturweihnachtsmarkt;Advent unterm Ginkgobaum;Lützowstraße 19;04157 Leipzig;12.12.25;14.12.25;Budde-Haus - FAIRbund e. V.;15:00-20:00;ticket@budde-haus.de;https://www.leipzig.de/kultur-und-freizeit/veranstaltungen/eventsingle/event/advent-unterm-ginkgobaum-kulturweihnachtsmarkt-2;<a class='text-sm underline' target='blank' href='https://www.budde-haus.de/veranstaltungen/advent-unterm-ginkgobaum-13/'>Offizielle Seite</a>;51.36376455;12.373770817044264;Advent unterm Ginkgobaum;1;0;0;0;0;0;15:00-20:00;15:00-20:00;15:00-18:00;0;;14.12.25=15:00-18:00;;0;;0;0;ginkgobaum.jpg;Jörg Reichert, CC BY-SA 4.0;Tram 12, S-Bahn: S1 und S3 bis Haltestelle S-Bahnhof Gohlis;50;1;Kulturweihnachtsmarkt mit Speis & Trank, Verkaufsständen, Lagerfeuer, Weihnachtsbasteleien und viel Kultur.Märchen und Geschichten am Lagerfeuer, weihnachtliche Leckereien und Basteleien, Verkaufsstände und musikalische Geschenke von Klezmer bis zu frisch gewaschenen Popsongs – am dritten Adventswochenende bietet das Budde-Haus wieder abwechslungsreiche Einstimmungen auf das Weihnachtsfest. Vom 12. bis zum 14. Dezember 2025, täglich ab 15:00 Uhr, auf dem gesamten Außengelände. Und als Highlight kann die weltweit größte Weihnachtskarte mit gestaltet und versendet werden.12. und 13. Dezember 2025: 15:00 bis 20:0014. Dezember 2025 : 15 bis 18 Uhrhttps://www.budde-haus.de/
14;Graßdorf;Mittelalterlicher Weihnachtsmarkt;Mittelalterlicher Weihnachtsmarkt;Haugwitzwinkel 1;04425 Taucha;29.11.25;30.11.25;Rittergutsschloss Taucha;14:00-20:00;;https://schlossverein-taucha.de/terminvorschau.html;<a class='text-sm underline' target='blank' href='https://schlossverein-taucha.de/terminvorschau.html'>Offizielle Seite</a>, Eintritt Erwachsene 5€, Kinder 3€;51.3813807;12.4973428;Mittelalterlicher Weihnachtsmarkt;unbekannt;0;0;0;0;0;0;14:00-20:00;14:00-18:00;0;;30.11.25=14:00-18:00;;0;;1;0;rittergutsschloss_taucha.jpg;<a href="https://commons.wikimedia.org/wiki/File:Taucha_Schlossauffahrt_Herrenhaus-01.jpg">Radler59, CC BY-SA 4.0</a>;Straßenbahn 3 bis 'Taucha (bei Leipzig), An der Bürgerruhe';587;0;Glühwein, honigwein, Feuerzangenbohle, Leckeres vom Grill, Schlosswein und Edelbrand vom eigenen Weinberg, Kräppelchen-Mann, Gutes vom Honig, Feldküche, Nachereien vom Bäcker, Feldbeckerey, Tombola, Ponyreiten um den Weihnachtsbaum. Kindertheater, Brass Fusion St. Moritz. Astrid Höschel-Bellmann liest aus weihnachtlichen Briefen historischer Persönlichkeiten, Heidi Steger begleitet mit weihnachtlichen Weisen am Akkordion.
15;Altlindenau;10. Veganer Weihnachtsmarkt;Philippuskirche;Aurelienstraße 54;04177 Leipzig;06.12.25;07.12.25;Hotel Philippus;12:00-20:00;;https://www.leipzig.de/kultur-und-freizeit/veranstaltungen/eventsingle/event/gluehgarten-20251220-3;<a class='text-sm underline' target='blank' href='https://veganer-markt-leipzig.de'>Offizielle Seite</a>;51.33195125;12.329398002457262;Veganer Weihnachtsmarkt in Philippuskirche;unbekannt;1;0;0;0;0;0;12:00-20:00;12:00-20:00;0;;0;;0;;1;0;philippuskirche.jpg;Jörg Reichert, CC BY-SA 4.0;Straßenbahn 34 oder 15 bis 'Merseburgerstr.';370;1;Der Philippus-Biergarten öffnet als winterlicher Glühgarten. An der Feuerschale kann man sich wärmen und am Weihnachtshäuschen mit wärmenden Getränken und leckeren Speisen versorgen.
16;Plagwitz;Alternativer Adventsmarkt;Heilandskirche in Plagwitz;Weißenfelser Straße 16;04229 Leipzig;06.12.25;06.12.25;Heilandskirche in Plagwitz;14:00-18:00;;https://www.kirche-lindenau-plagwitz.de/event/alternativer-adventsmarkt-2025;;51.3306668;12.3396974;Heilandskirche in Plagwitz;unbekannt;1;0;0;0;0;0;14:00-18:00;0;0;;0;;0;;0;0;heilandskirche-plagwitz.jpg;Jörg Reichert, CC BY-SA 4.0;Straßenbahn 1 oder 3, oder Bus 74 bis 'Elsterpassage';384;1;Künstlerische oder kulinarische Verkaufsstände, Café mit selbstgemachtem Kuchen, Live-Musik und für Kinder: Basteln und Puppenspiel.
17;Stötteritz;Stötteritzer Adventsmarkt;Stötteritzer Adventsmarkt;Oberdorfstraße 15;04299 Leipzig;30.11.25;30.11.25;Gutshof Stötteritz;14:00-19:00;;https://www.leipzig.de/kultur-und-freizeit/veranstaltungen/eventsingle/event/stoetteritzer-adventsmarkt;<a class='text-sm underline' target='blank' href='https://gutshof-stoetteritz.de/aktuelles/events/adventsmarkt-auf-dem-gutshof-stoetteritz'>Offizielle Seite</a>;51.321633649999995;12.42410554555071;Stötteritzer Adventsmarkt;unbekannt;1;0;0;0;0;0;0;14:00-19:00;0;;0;;1;;0;0;gutshof_stoetteritz.jpg;Jörg Reichert, CC BY-SA 4.0;Straßenbahn 4 bis 'Leipzig, Weiße Str.';451;0;Adventsauftakt auf dem Gutshof Stötteritz. Kulinarisches Angebot und Stände mit Kunsthandwerk. Verweilen Sie am festlich geschmückten Tannenbaum und lauschen Sie weihnachtlichen Klängen. 16:00 Uhr: inklusives Theater „aHnungslos“ spielt “Frau Holle”https://www.gutshof-stoetteritz.de/
18;Connewitz;Weihnachten am Kreuz;Weihnachten am Kreuz;Kochstraße 132;04277 Leipzig;10.12.25;21.12.25;Werk 2;14:00-21:00;;https://www.leipzig.de/kultur-und-freizeit/veranstaltungen/eventsingle/event/weihnachten-am-kreuz-3;<a class='text-sm underline' target='blank' href='https://www.werk-2.de/programm/2025-12-10_weihnachten_am_kreuz_2025'>Offizielle Seite</a>;51.3100496;12.3713723;Weihnachten am Kreuz;unbekannt;1;14:00-21:00;14:00-21:00;16:00-21:00;14:00-21:00;14:00-21:00;14:00-21:00;14:00-21:00;0;;10.12.25=16:00-21:00,17.12.25=16:00-21:00;;0;;0;0;weihnachten_am_kreuz.jpg;Jörg Reichert, CC BY-SA 4.0;Straßenbahn 9, 10 oder 11 oder Bus 70 bis 'Leipzig, Connewitz Kreuz';135;1;Das gesamte Gelände vom Werk 2 wird zum wundervollen Connewitzer Weihnachtsmarkt. Vom 10.12. – 21.12.2025 präsentieren wieder zahlreiche Händler/-innen ihre handgemachten, kreativen, leckeren und duftenden Produkte. Neben vielen Ständen und einer gemütlichen Atmosphäre warten viele Mitmachangebote und Veranstaltungen.Mittwoch 10.12.2025: 16–21 Uhr
19;Zentrum-Südost;Weihnachten im Botanischen Garten;Botanischer Garten;Linnéstraße 1;04103 Leipzig;13.12.25;13.12.25;Botanischer Garten;13:00-18:00;;https://www.lw.uni-leipzig.de/botanischer-garten/detail-veranstaltungen/termin/oeffnung-im-advent;<a class='text-sm underline' target='blank' href='http://www.bota.uni-leipzig.de'>Offizielle Seite</a>;51.32867415;12.391405804762092;Weihnachten im Botanischen Garten;unbekannt;1;0;0;0;0;0;13:00-18:00;0;0;;0;;0;;0;1;botanischer_garten_leipzig.jpg;<a href="https://commons.wikimedia.org/wiki/File:Botanischer_Garten_Leipzig,_Hauptgew%C3%A4chshaus.jpg">Magnus thorkesson, CC BY-SA 4.0</a>;Straßenbahn 15 oder Bus 60 bis 'Leipzig, Ostplatz';518;0;Werfen Sie auch im Winter einen Blick in die Gewächshäuser und basteln oder finden besondere, grüne Geschenke. Weihnachten steht vor der Tür und der Förderverein lässt auch dieses Jahr wieder den Garten im Advent glänzen. Mit alkoholfreien Punsch und hausgemachten Waffeln stimmen wir sie winterlich-botanisch ein und machen ausnahmsweise sogar die Gewächshaustüren auf. Diese Geschenke gibt's zu erwerben: HIGHLIGHT: Natürlich unsere exklusiven selbst-präparierten „Alten Falter“ aus unserer Schmetterlingsschau im dekorativem Holzrahmen; Gutscheine für Führungen, Eintritte und Jahreskarte; Artikel aus dem Verkaufssortiment unseres Shops; Glasbiotope in vielen verschiedenen Größen; Lokale Fruchtaufstriche, Fruchtleder und Liköre; Adventsbasteln für Kinder; Mit Geschenken aus dem Botanischen Garten machen Sie gleich mehreren eine Freude. Alle Einnahmen kommen dem Ausbau, dem Erhalt und Pflege des Gartens zugute. Sie sorgen für den Erhalt der Artenvielfalt und geben unseren Gärtner:innen die finanzielle Freiheit, wirklich alles aus den Sammlungen rauszuholen.
20;Gohlis-Süd;Gohliser Schlösschen - Weihnachtsduft und Lichterglanz;Gohliser Schlösschen;Menckestraße 23;04155 Leipzig;26.11.25;21.12.25;Gohliser Schlösschen;07.12.2025-23:59;mail@gohliserschloesschen.de;https://www.leipzig.de/kultur-und-freizeit/veranstaltungen/eventsingle/event/weihnachtsduft-und-lichterglanz-1-20251217-3;<a class='text-sm underline' target='blank' href='https://gohliserschloesschen.de/weihnachtsduft/'>Offizielle Seite</a>;51.3567302;12.364272543167537;Gohliser Schlösschen;unbekannt;1;0;0;15:00-19:00;15:00-19:00;15:00-19:00;15:00-19:00;12:00-18:00;01.12.25,02.12.25,08.12.25,09.12.25,15.12.25,16.12.25;Montag und Dienstag;26.11.25=15:00-19:00,27.11.25=15:00-19:00,28.11.25=15:00-19:00,29.11.25=15:00-19:00,30.11.25=12:00-18:00,03.12.25=15:00-19:00,04.12.25=15:00-19:00,05.12.25=15:00-19:00,06.12.25=15:00-19:00,07.12.25=12:00-18:00,10.12.25=15:00-19:00,11.12.25=15:00-19:00,12.12.25=15:00-19:00,13.12.25=15:00-19:00,14.12.25=12:00-18:00,17.12.25=15:00-19:00,18.12.25=15:00-19:00,19.12.25=15:00-19:00,20.12.25=15:00-19:00,21.12.25=12:00-18:00;;0;;0;0;gohliser_schloesschen.jpg;Jörg Reichert, CC BY-SA 4.0;Straßenbahn 4 bis 'Fritz-Seger-Str.';402;0;Vom 26.11. – 21.12.2025 Glanz und Fröhlichkeit des Advent in der besinnlichen Atmosphäre des Gohliser Schlösschens. Verweilen bei festlicher Stimmung und zu weihnachtlicher Musik im Barockgarten mit elbstgebackenen süßen und herzhaften Waffeln, gebrannten Mandeln und „hausgeglühtem“ Glühwein, Punsch und heißen Säften. Abgerundet wird das Angebot durch ein abwechslungsreiches Kulturprogramm – Chormusik, Instrumentalisten, gemeinsames Adventsliedersingen, Turmbläser, Weihnachtsgeschichten und vieles mehr.„Weihnachtsduft und Lichterglanz“ ist kein klassischer Weihnachtsmarkt! Das Gohliser Schlösschen bietet eine Alternative zu den klassischen Weihnachtsmärkten. Ganz bewusst verzichtet wird auf Marktbuden und Verkaufsstände und geboten wird ein stimmungsvoller und besinnlicher Ort für Kunst, Kultur, Gespräche und geselliges Miteinander. https://gohliserschloesschen.de/weihnachtsduft/
21;Graßdorf;Weihnachtsmarkt Taucha;Weihnachtsmarkt Taucha;Marktplatz Taucha;04425 Taucha;28.11.25;30.11.25;mehrere;14:00-21:00;;https://www.taucha.de/themen/tauchaer-weihnachtsmaerkte/;<a class='text-sm underline' target='blank' href='https://www.taucha.de/themen/tauchaer-weihnachtsmaerkte/'>Offizielle Seite</a>;51.38031935;12.500227480821401;Weihnachtsmarkt;unbekannt;1;0;0;0;0;16:00-21:00;14:00-21:00;14:00-19:00;0;;28.11.25=16:00-21:00,30.11.25=14:00-19:00;;0;;0;0;marktplatz_taucha.jpg;<a href="https://commons.wikimedia.org/wiki/File:Taucha_Marktplatz.jpg">Joeb07, CC BY-SA 3.0</a>;Straßenbahn 3 bis 'Taucha (bei Leipzig), An der Bürgerruhe';771;0;Weihnachtsmarkt auf dem Marktplatz Taucha mit leckeren weihnachtlichen Köstlichkeiten und Getränken. Weihnachtlich-musikalisches Programm von Vereinen und Künstlern an allen drei Tagen.
22;Gohlis-Mitte;WeihnARTsmarkt;WeihnARTsmarkt;Lindenthaler Straße 61-65;04129 Leipzig;29.11.25;29.11.25;Makerspace Leipzig & Kunstanker;11:00-23:59;info@makerspace-leipzig.de;https://www.leipzig.de/kultur-und-freizeit/veranstaltungen/eventsingle/event/weihnartsmarkt;<a class='text-sm underline' target='blank' href='https://makerspace-leipzig.de'>Offizielle Seite</a>;51.3664422;12.3651967;WeihnARTsmarkt;unbekannt;1;0;0;0;0;0;11:00-23:59;0;0;;0;;0;;0;1;makerspace_gohlis.jpg;Jörg Reichert, CC BY-SA 4.0;Straßenbahn 4 oder 11, oder S1 bis 'Coppiplatz';135;1;In Leipzig-Gohlis laden Makerspace und Kunsttanker zum Rundgang ein. Ateliers und Werkstätten sind geöffnet und zeigen ihre Arbeiten und Projekte.
23;Markkleeberg-Ost;Weihnachtsmarkt Torhaus;Weihnachtsmarkt Torhaus;Kirchstraße 40;04416 Markkleeberg;06.12.25;07.12.25;Torhaus Markkleeberg;14:00-18:00;;https://www.leipzig.de/kultur-und-freizeit/veranstaltungen/eventsingle/event/weihnachtsmarkt-im-schlosshof-am-torhaus-markkleeberg;<a class='text-sm underline' target='blank' href='https://torhaus-markkleeberg.de/veranstaltungen/weihnachtsmarkt-im-schlosshof-am-torhaus-markkleeberg/'>Offizielle Seite</a>;51.277715799999996;12.3894607903441;Weihnachtsmarkt;unbekannt;1;0;0;0;0;0;14:00-18:00;14:00-18:00;0;;0;;0;;0;0;torhaus_markkleeberg.jpg;<a href="https://commons.wikimedia.org/wiki/File:Markkleeberg_Kirchstrasse_29_Torhaus.jpg">Radler59, CC BY-SA 4.0</a>;S4, S6 oder Straßenbahn 11 bis 'Markkleeberg, Virchowstr.';664;0;Weihnachtsmarkt im Torhaus Markkleeberg mit Verkaufsständen, vielfältigen Verkaufsständen, Weihnachtsmusik und mehr in der historischen Kulisse des Schlosshofes. https://torhaus-markkleeberg.de
24;Schönefeld-Abtnaundorf;Weihnachtsmarkt Schönefeld;Weihnachtsmarkt Schönefeld;Zeumerstraße 1;04347 Leipzig;30.11.25;30.11.25;Schloss Schönefeld;11:00-18:00;;https://www.leipzig.de/kultur-und-freizeit/veranstaltungen/eventsingle/event/weihnachtsmarkt-2025-am-schloss-schoenefeld;<a class='text-sm underline' target='blank' href='https://verein.schloss-schoenefeld.de/2025/11/17/weihnachtsmarkt-2025-schloss-schoenefeld-vorab-information/'>Offizielle Seite</a>;51.3596269;12.4068202;Weihnachtsmarkt;unbekannt;1;0;0;0;0;0;0;11:00-18:00;0;;0;;0;;0;0;schoenefelder_schloss.jpg;Jörg Reichert, CC BY-SA 4.0;S4 oder Straßenbahn 1 oder 3 bis 'Leipzig, Rathaus Schönefeld';262;1;Besucherinnen und Besucher erwartet ein stimmungsvoller Adventstag mit zahlreichen Ständen regionaler Händler/-innen, die handgemachte, fair gehandelte und regionale Produkte anbieten.Vor dem Schloss sorgen kulinarische Leckereien, Glühwein und weihnachtliche Musik für eine festliche Atmosphäre. Besonders beliebt ist der Bereich hinter dem Schloss, der sich ganz den Kindern widmet. Dort gibt es Bastel- und Kreativangebote, Ponyreiten und eine Weihnachtsmannsprechstunde. Auch im Schloss werden kreative Mitmachaktionen wie z.B. Töpfern und Steine schleifen sowie eine Märchenstunde angeboten.https://verein.schloss-schoenefeld.de/
25;Grünau-Ost;Weihnachtsmarkt Koch-Park;Weihnachtsmarkt Koch-Park;Nikolai-Rumjanzew-Straße 98;04207 Leipzig;30.11.25;30.11.25;Haus Steinstraße;14:00-18:00;;https://haus-steinstrasse.de/termine/advent-im-park/?occurrence=2025-11-30;<a class='text-sm underline' target='blank' href='https://haus-steinstrasse.de/termine/advent-im-park/?occurrence=2025-11-30'>Offizielle Seite</a>;51.3177763;12.3020738;Weihnachtsmarkt;unbekannt;1;0;0;0;0;0;0;14:00-18:00;0;;0;;0;;0;1;parkschloss_koch_park.jpg;<a href="https://commons.wikimedia.org/wiki/File:LE-Gruenau_Parkschloss.jpg">Radler59, CC BY-SA 4.0</a>;Straßenbahn 1 bis 'Schönauer-/Ratzelstr.';305;1;Das Haus Steinstraße hat ein buntes Programm geplant. Neben Fruchtpunsch wird es allerlei Leckereien geben, wie Grillwürstchen, Suppe und Waffeln. Außerdem erwarten Euch verschiedene Kreativangebote zum Mitmachen sowie 15:00 Uhr Musik vom Grünauer Frauenchor und 16:00 Uhr das Theaterstück „META MORFOSS“ von Peter Hacks (Altersempfehlung ab 5 Jahren). Haus IV, Zufahrt über Nikolai-Rumjanzew-Str., rechte Seite vor dem Krankenhaus.
26;Markkleeberg-Mitte;Weihnachtsmarkt Markkleeberg;Weihnachtsmarkt Markkleeberg;Rathausplatz;04416 Markkleeberg;12.12.25;14.12.25;Markkleeberg;12:00-22:00;;https://www.leipzig.de/kultur-und-freizeit/veranstaltungen/eventsingle/event/weihnachtsmarkt-rund-ums-eis;<a class='text-sm underline' target='blank' href='https://weihnachtsmarkt-rund-ums-eis.jimdosite.com'>Offizielle Seite</a>;51.2803595;12.3769892;Weihnachtsmarkt;unbekannt;1;0;0;0;0;17:00-22:00;12:00-22:00;12:00-18:00;0;;12.12.25=17:00-22:00,14.12.25=12:00-18:00;;0;;0;1;rathaus_markkleeberg.jpg;<a href="https://commons.wikimedia.org/wiki/File:Rathaus_Markkleeberg_(3).jpg">Aagnverglaser, CC BY-SA 4.0</a>;S4, S5(X), S6 bis 'Markkleeberg';425;0;Weihnachtsmarkt auf dem Rathausplatz Markkleeberg mit verschienden Programmpunkten von Kinderdisco bis Paartanz und der Weihnachtsmann kommt natürlich vorbei.https://weihnachtsmarkt-rund-ums-eis.jimdosite.com/
27;Zentrum-Süd;Weihnachtsmarkt auf der Feinkost;Weihnachtsmarkt auf der Feinkost;Karl-Liebknecht-Straße 36;04275 Leipzig;29.11.25;21.12.25;Feinkost;11:00-20:00;;https://www.leipzig.de/kultur-und-freizeit/veranstaltungen/eventsingle/event/lichterglanz-im-advent-der-weihnachtsmarkt-auf-der-feinkost-2025-7-20251220-3;<a class='text-sm underline' target='blank' href='https://www.feinkostgenossenschaft.de/advent-advent-ein-lichtlein-brennt-weihnachtsmarkt-auf-der-feinkost-2024/'>Offizielle Seite</a>;51.32638005;12.372920115922552;Weihnachtsmarkt auf der Feinkost;unbekannt;1;0;0;0;0;0;11:00-20:00;11:00-18:00;01.12.25,02.12.25,03.12.25,04.12.25,05.12.25,08.12.25,09.12.25,10.12.25,11.12.25,12.12.25,15.12.25,16.12.25,17.12.25,18.12.25,19.12.25;Montag - Freitag;30.11.25=11:00-18:00,07.12.25=11:00-18:00,14.12.25=11:00-18:00,21.12.25=11:00-18:00;;0;;0;0;feinkost_leipzig.jpg;Jörg Reichert, CC BY-SA 4.0;Straßenbahn 10 oder 11 bis 'Leipzig, Südplatz';168;1;Der Weihnachtsmarkt auf der Feinkost begeistert jedes Jahr wieder mit seiner besonderen Atmosphäre und einer wunderbaren Auswahl an schönen und einzigartigen Produkten. Ob Porzellan, Keramik und Schmuck, Gestricktes und Gehäkeltes, künstlerische Grafiken oder Zeichnungen – zahlreiche Kunsthandwerker/-innen und Händler/-innen bieten ihre kreativen Unikate an. Wer etwas Außergewöhnliches für Weihnachten sucht, wird bei uns sicherlich fündig werden.Nach dem Rundgang kann man sich mit burmesischem Essen, koreanischem Corn Dog, leckeren Crêpes sowie veganen und vegetarischen Köstlichkeiten stärken. Oder man macht es sich am Grill gemütlich und genießt unter den funkelnden Weihnachtslichtern der Feinkost einen Glühwein oder heißen Saft.Samstag: 11 – 20 Uhr Sonntag: 11 – 18 Uhrhttps://feinkostgenossenschaft.de
28;Miltitz;Weihnachtsmarkt im Miltitzer Park;Weihnachtsmarkt im Miltitzer Park;Geschwister-Scholl-Str. 8a;04205 Leipzig;29.11.25;29.11.25;Heimatverein Miltitz;15:00-23:59;;https://www.leipzig.de/kultur-und-freizeit/veranstaltungen/eventsingle/event/weihnachtsmarkt-10;<a class='text-sm underline' target='blank' href='https://www.heimatverein-miltitz.de/'>Offizielle Seite</a>;51.3218316;12.256178495191364;Weihnachtsmarkt im Miltitzer Park;unbekannt;1;0;0;0;0;0;15:00-23:59;0;0;;0;;0;;0;0;;;Bus 65 bis 'Geschwister-Scholl-Str.';176;1;15 Uhr weihnachtliche Eröffnung, Nachhaltigkeit: Eigene Tasse mitbringen, https://www.heimatverein-miltitz.de/
29;Markkleeberg-Ost;Kirchenruine Wachau;Kirchenruine Wachau;Kirchplatz 1;04416 Markkleeberg;20.12.25;20.12.25;Kirchenruine Wachau;13:00-17:00;;https://www.kirchenruine-wachau.de/veranstaltungen/;<a class='text-sm underline' target='blank' href='https://www.kirchenruine-wachau.de/veranstaltungen/'>Offizielle Seite</a>;51.27533665;12.430313577910052;Kirchenruine Wachau;unbekannt;1;0;0;0;0;0;13:00-17:00;0;0;;0;;0;;0;0;kirche_wachau.jpg;<a href="https://commons.wikimedia.org/wiki/File:WachauKircheS.JPG">Jwaller, CC BY-SA 3.0</a>;Bus 106, 108  oder 141 bis 'Wachau';214;1;Adventsmarkt mit Bastelstrecke, Essen & Trinken. Kindertheater, Führungen in der Kirchenruine und ab 18 Uhr weihnachtliches Konzert. 
31;Erdmannshain;Advents-Faktum;Advents-Faktum;Lutherstr. 10;04683 Naunhof;05.12.25;14.12.25;Altes Kranwerk Naunhof;13:00-19:00;info@kranwerk.com;https://www.kranwerk.com/advents-faktum/;;51.2800429;12.5937703;Advents-Faktum;unbekannt;1;13:00-19:00;13:00-19:00;13:00-19:00;13:00-19:00;13:00-19:00;13:00-19:00;13:00-19:00;0;;0;;0;;0;0;kranwerk_naunhof.jpg;<a href="https://commons.wikimedia.org/wiki/File:HG10325.jpg">Kranwerk, CC BY-SA 4.0</a>;RB110 bis Naunhof;368;1;Das Kranwerk lädt ein – zum gemütlichen Einkaufsbummel. Entdecken Sie wertvolle Geschenke für Ihre Liebsten. Regionale Kunsthandwerker und Produzenten präsentieren zum Werksverkauf selbstgeschaffene Waren zum analogen Kauf. In der Verkaufsauslage findet der geneigte Käufer anspruchsvolle Objekte aus Holz, Glas, Stahl, Weide, Filz, Ton & Stein aber auch Grafisches und natürlich Naschhaftes. Nach dem Rundgang bleibt noch Zeit unsere selbstgebackenen Kuchen, Werks-Crepes oder Quarkbällchen zu vernaschen. Heißer Winterapfel (gewachsen, gegossen, gepflückt, gepresst, gekocht im Kranwerk), Kakao, Kaffee und Glühwein können im Kranwerkskeller und im Seminarrraum verköstigt werden.
33;Plagwitz;Felsenkeller Weihnachtsmarkt;Felsenkeller Weihnachtsmarkt;Karl-Heine-Straße 32;04229 Leipzig;27.11.25;30.12.25;Sündenfrei;11:00-21:30;pr[at]bc-gmbh.de;https://www.leipzig.de/kultur-und-freizeit/veranstaltungen/eventsingle/event/felsenkeller-weihnachtsmarkt-2025;<a class='text-sm underline' target='blank' href='https://www.felsenkeller-leipzig.com/programm/'>Offizielle Seite</a>;51.3328217;12.338524469058852;Felsenkeller Weihnachtsmarkt;unbekannt;1;15:00-21:30;15:00-21:30;15:00-21:30;15:00-21:30;15:00-21:30;11:00-21:30;11:00-20:00;24.12.25,25.12.25,26.12.25;24.12.25-26.12.25;27.11.25=15:00-21:30,28.11.25=15:00-21:30,30.11.25=11:00-20:00,01.12.25=15:00-21:30,02.12.25=15:00-21:30,03.12.25=15:00-21:30,04.12.25=15:00-21:30,05.12.25=15:00-21:30,07.12.25=11:00-20:00,08.12.25=15:00-21:30,09.12.25=15:00-21:30,10.12.25=15:00-21:30,11.12.25=15:00-21:30,12.12.25=15:00-21:30,14.12.25=11:00-20:00,15.12.25=15:00-21:30,16.12.25=15:00-21:30,17.12.25=15:00-21:30,18.12.25=15:00-21:30,19.12.25=15:00-21:30,21.12.25=11:00-20:00,22.12.25=15:00-21:30,23.12.25=15:00-21:30,24.12.25=15:00-21:30,25.12.25=15:00-21:30,26.12.25=15:00-21:30,28.12.25=11:00-20:00,29.12.25=15:00-21:30,30.12.25=15:00-21:30;;0;;0;0;felsenkeller.jpg;Jörg Reichert, CC BY-SA 4.0;Straßenbahn 14 bis 'Leipzig, Felsenkeller';33;1;Der Biergarten des Felsenkellers verwandelt sich in einen mittelalterlich- romantischen Weihnachtsmarkt. Neben vielseitigen Leckerei- und Getränkeangeboten wird Schmied Martin vor Ort sein und Glücks- Hufeisen oder Sargnägel mit Hilfe der Gäste schmieden. Ein paar Stände bieten handgefertigte Waren an und gemütliche, hölzerne Sitzecken laden zum Verweilen ein. Eine „Laterna Magica“ zeigt stündlich Grimmsche Märchen für kleine Leute und hoch oben in den alten Kastanien leuchten gelbe Sterne. Auf einer kleinen Bühne werden vor allem an den Wochenenden Musik- und Gaukeleiprogramme aufgeführt. Schon am ersten Adventswochenende wird „Feuer-Reiner“ zeigen, warum er diesen seltsamen Namen trägt.Eintritt freiMontag – Freitag: 15:00 – 21:30 UhrSamstag 11:00 – 21:30 UhrSonntag 11:00 – 20:00 UhrNicht geöffnet während der Weihnachtsfeiertage (24.- 26. 12.2025)
34;Zentrum;Leipziger Weihnachtsmarkt;Leipziger Weihnachtsmarkt;Markt;04109 Leipzig;25.11.25;23.12.25;mehrere;11:00-21:00;;https://www.leipzig.de/newsarchiv/news/leipziger-weihnachtsmarkt-eroeffnet-mit-blockhaus-und-lesewerkstatt;;51.340578550000004;12.374693129488247;Leipziger Weihnachtsmarkt;unbekannt;1;11:00-21:00;11:00-21:00;11:00-21:00;11:00-21:00;11:00-21:00;11:00-22:00;11:00-21:00;0;;29.11.25=11:00-22:00,06.12.25=11:00-22:00,13.12.25=11:00-22:00,20.12.25=11:00-22:00;;0;;0;0;markt_leipzig.jpg;Jörg Reichert, CC BY-SA 4.0;S1, S2, S3, S4, S5, S5X und S6 bis 'Leipzig, Markt';72;1;Die Tradition des Leipziger Weihnachtsmarktes reicht bis in das Jahr 1458 zurück, womit er der zweitälteste in Deutschland ist. Aufgrund seines einzigartigen kulturellen und kulinarischen Angebotes in der fußgängerfreundlichen, illuminierten Innenstadt hat er sich einen legendären Ruf erworben. Umrahmt wird das weihnachtliche Warenangebot von Höhepunkten wie den Orgelmusiken und Aufführungen des Weihnachtsoratoriums von Johann Sebastian Bach in den Leipziger Kirchen, den Turmbläserauftritten auf dem Turm des Alten Rathauses, der Weihnachtsshow des Krystallpalast Varietés und nicht zuletzt dem Märchenwald und der Weihnachtsmannsprechstunde.
36;Pauschwitz;Schlossadvent in Trebsen;Schlossadvent in Trebsen;Zum Schloss 1;04687 Trebsen;29.11.25;21.12.25;Schloss Trebsen;11:00-19:00;info@schloss-trebsen.com;https://www.schloss-trebsen.com/events/schlossadvent/;10€ Eintritt, Kinder frei;51.291175100000004;12.757395843456795;Schlossadvent in Trebsen;unbekannt;0;0;0;0;0;0;11:00-19:00;11:00-19:00;01.12.25,02.12.25,03.12.25,04.12.25,05.12.25,08.12.25,09.12.25,10.12.25,11.12.25,12.12.25,15.12.25,16.12.25,17.12.25,18.12.25,19.12.25;Montag - Freitag;0;;0;;0;1;schloss_trebsen.jpg;<a href="https://commons.wikimedia.org/wiki/File:20071104010DR_Trebsen_(Mulde)_Schlo%C3%9F.jpg">Jörg Blobelt, CC BY-SA 4.0</a>;Bus 693 bis 'Trebsen (Mulde), Markt';354;1;Fernab von Trubel und Hektik entfaltet sich zum Advent im Schloss auf Schloss Trebsen in wunderbarer Weise der Zauber der Weihnachtszeit. HANDWERKSKÜNSTLER bieten erlesene, exklusive und ausgefallene Waren feil. MITMACHWERKSTÄTTEN laden Kinder ein zum Basteln, Bogenbauen, Backen, Schmieden und zu anderen Werkeleien. Ein spannendes MÄRCHEN-SUCHSPIEL durch das ganze Schloss begeistert große und kleine Kinder. Ein charmanter NIKOLAUS beschenkt das Volk mit gütigen Worten und wohlmeinender Schelmerei. MÄRCHENERZÄHLER und PUPPENSPIELER rühren die Herzen der kleinen und großen Leute. Eine phantastische Schar von KÜNSTLERN, MUSIKERN und AKROBATEN verführt Sie zum Lachen, Staunen und Träumen.
37;Hayna;Viktorianischer Weihnachtsmarkt;Viktorianischer Weihnachtsmarkt;Zum Biedermeierstrand;04435 Schkeuditz;06.12.25;06.12.25;Haynaer Strandverein e.V.;13:00-18:00;info@biedermeierstrand.de;https://biedermeierstrand.de/a-victorian-christmas-br-6-12-2025-ab-13-uhr/;<a class='text-sm underline' target='blank' href='https://biedermeierstrand.de/a-victorian-christmas-br-6-12-2025-ab-13-uhr/'>Offizielle Seite</a>;51.43051905;12.323037893857437;Viktorianischer Weihnachtsmarkt;unbekannt;1;0;0;0;0;0;13:00-18:00;0;0;;0;;0;;1;0;hayna.jpg;Jörg Reichert, CC BY-SA 4.0;Rufbus 217 bis 'Hayna (Schkeuditz), Biedermeierstrand';0;1;Weihnachten, wie wir es heute als Familienfest kennen, wurde praktisch im Biedermeier erfunden. Erfindungen wie der Adventskranz, die Christbaumkugel oder der Schokoladenweihnachtsmann wurden damals gemacht. Natürlich darf somit ein historisch inspirierter Weihnachtsmarkt am Biedermeierstrand nicht fehlen. An Marktständen, die in liebevoller Handarbeit angefertigte Accessoires, Kleidung, Bio-Produkte, Schmuck oder Weihnachtsdekoration von Kleinstbetrieben und Privatpersonen der Region anbieten, kann geschlemmt, geschaut und Weihnachtseinkäufe erledigt werden. Untermalt wird das Ambiente von weihnachtlicher Chormusik und der vielleicht größten Weihnachtspyramide der Region. Kulinarische Köstlichkeiten von Glühwein bis Weihnachtseis verwöhnen dabei den Gaumen der Gäste.
38;Reudnitz-Thonberg;Mit-Mach-Weihnachtsmarkt;Mit-Mach-Weihnachtsmarkt;Lene-Voigt-Park (Höhe Heinrichstr.);04317 Leipzig;07.12.25;07.12.25;Mühlstraße 14 e.V.;14:00-19:00;kontakt@muehlstrasse.de;https://www.muehlstrasse.de/fileadmin/muehlstrasse/user_upload/fotos/Projekte/Dezember_Muehle_14_kurz.pdf;<a class='text-sm underline' target='blank' href='https://www.muehlstrasse.de/index.php?id=aktuell'>Offizielle Seite</a>;51.334448917348084;12.400011451909961;Mit-Mach-Weihnachtsmarkt;unbekannt;1;0;0;0;0;0;0;14:00-19:00;0;;0;;0;;0;0;lenevoigtpark.jpg;Jörg Reichert, CC BY-SA 4.0;Straßenbahn 15 bis 'Leipzig, Ostplatz';453;0;Im Lene-Voigt-Park (Höhe Heinrichstr.) lädt der Mühlstraße 14 e.V. mit Geschenke-Angeln, Spiel und Bewegung, Stockbrot und einer Tombola ein. Natürlich fehlt das Weihnachtssingen und die MiniWeihnachtswerkstatt nicht!
39;;Weihnachtsmarkt Schloss Machern;Schloss Machern;Schloßplatz 1;04827 Machern;12.12.25;14.12.25;Schloss Machern;14:00-22:00;;https://www.gemeinde-machern.de/regional/veranstaltungen/macherner-weihnachtsmarkt-900000568-27400.html;;51.36103885;12.631030438422616;Weihnachtsmarkt Schloss Machern;;1;0;0;0;0;18:00-22:00;14:00-22:00;14:00-20:00;0;;12.12.25=18:00-22:00,14.12.25=14:00-20:00;;0;;0;0;schloss_machern.jpg;<a href="https://commons.wikimedia.org/wiki/File:20050402056DR_Machern_Schlo%C3%9F.jpg">Jörg Blobelt, CC BY-SA 4.0</a>;S3 bis 'Machern (Sachs)';752;0;Angespornt vom großen Zuspruch bei den beiden letzten weihnachtlichen Märchenlesungen für Kinder, wiederholen wir dieses Format im Kaminzimmer der Ritterburg. Diesmal parallel zum Macherner Weihnachtsmarkt. Die Begleiter erwartet Glühwein, Bratwurst und Weihnachtsleckerein.
40;Lindenau;Weihnachtsmarkt Lametta for Heinz;Lametta for Heinz;Hähnelstr. 22;04177 Leipzig;28.11.25;29.11.25;Zum Wilden Heinz;14:00-20:00;;https://www.leipzig.de/kultur-und-freizeit/veranstaltungen/eventsingle/event/lametta-for-heinz-kiezweihnachtsmarkt-1;<a class='text-sm underline' target='blank' href='https://www.facebook.com/ZumWildenHeinz/'>Offizielle Seite</a>;51.3323738;12.3336456;Weihnachtsmarkt Lametta for Heinz;;1;0;0;0;0;16:00-20:00;14:00-20:00;0;0;;28.11.25=16:00-20:00;;0;;0;0;zumwildenheinz.jpg;Jörg Reichert, CC BY-SA 4.0;Straßenbahn 15, 34 oder Bus 74 bis 'Merseburgerstr';179;1;Lametta for Heinz präsentiert ein Wochenende lang viele schöne Stände mit regionaler Kunst und Handwerk.Freitag 28.11.2025: 16-20 UhrSamstag 29.11.2025: 14-20 Uhr
41;Gohlis-Nord;Adventsmarkt in Versöhnungskirche;Versöhnungskirche;Franz-Mehring-Straße 44;04157 Leipzig;29.11.25;29.11.25;Versöhnungskirche;15:00-18:00;webmaster<at>versoehnungs-gemeinde.de;https://www.leipzig.de/kultur-und-freizeit/veranstaltungen/eventsingle/event/adventsmarkt-1;<a class='text-sm underline' target='blank' href='https://versoehnungs-gemeinde.de/aktuelles/gottesdienste-advent-und-weihnachten'>Offizielle Seite</div>;51.37182545;12.368551114828596;Adventsmarkt in Versöhnungskirche;;1;0;0;0;0;0;15:00-18:00;0;0;;0;;0;;0;0;versoehnungskirche_gohlis.jpg;<a href="https://commons.wikimedia.org/wiki/File:Versoehnungskirche_Leipzig-Gohlis_2006.jpg">Appaloosa, CC BY-SA 3.0</a>;Straßenbahn 4 bis 'Viertelsweg';304;1;Am 29. November 2025 lädt die Versöhnungskirchgemeinde Leipzig-Gohlis zum Adventsmarkt in und um die Kirche ein.
42;Stötteritz;Adventsmarkt auf dem Gutshof Stötteritz;Gutshof Stötteritz;Oberdorfstr. 15;04299 Leipzig;30.11.25;30.11.25;Die Scheune;14:00-19:00;;https://www.gutshof-stoetteritz.de;<a class='text-sm underline' target='blank' href='https://www.gutshof-stoetteritz.de'>Offizielle Seite</a>;51.32194455;12.423261107950479;Adventsmarkt auf dem Gutshof Stötteritz;;1;0;0;0;0;0;0;14:00-19:00;0;;0;;0;;0;0;gutshof_stoetteritz.jpg;Jörg Reichert, CC BY-SA 4.0;Straßenbahn 4 bis 'Weiße Str.';451;1;
44;Südvorstadt;Haus Steinstraße;Haus Steinstraße;Steinstraße 18;04275 Leipzig;07.12.25;07.12.25;Haus Steinstraße;15:00-18:00;;https://haus-steinstrasse.de/termine/weihnachtsmarkt-im-haus-steinstrasse-2/?occurrence=2025-12-07;<a class='text-sm underline' target='blank' href='https://haus-steinstrasse.de/termine/weihnachtsmarkt-im-haus-steinstrasse-2/?occurrence=2025-12-07'>Offizielle Seite</a>;51.317629472266105;12.37063363558326;Haus Steinstraße;;1;0;0;0;0;0;0;15:00-18:00;0;;0;;0;0;0;0;haus_steinstrasse.jpg;Jörg Reichert, CC BY-SA 4.0;Straßenbahn 10 oder 11 bis Karl-Liebknecht-/Kurt-Eisner-Straße;421;0;Auch in diesem Jahr wird es wieder unseren beliebten Familienweihnachtsmarkt geben. Im Hof, im Café und in verschiedenen Kreativwerkstätten erwartet euch ein vielfältiges und kostenfreies Angebot zum Aktivwerden und Genießen: Tanzen, Schneekugeln und Fensterschmuck basteln, Kerzen verzieren … und einiges mehr. Natürlich wird es auch alkoholfreien Punsch und Waffeln in besinnlicher Atmosphäre am Feuer geben. Im Café Yellow warten herzhafte Kleinigkeiten darauf, verzehrt zu werden. Und die Theatergruppe  „Kaninchenkatze“ erwartet die großen und kleinen Besucher:innen zum Märchentheater „Frau Holle“ um 16.00 Uhr (kostenpflichtig). Wir freuen uns auf euch und einen gemeinsamen Nachmittag.
45;;Weihnachtsmarkt Gut Graßdorf;Gut Graßdorf;Am Volksgut 2;04425 Taucha;12.12.25;14.12.25;Landgasthof Gut Graßdorf;14:00-21:00;;https://www.wulf-catering.de/veranstaltungen/;<a class='text-sm underline' target='blank' href='https://www.wulf-catering.de/veranstaltungen/'>Offizielle Seite</a>;51.388350450000004;12.488752999999999;Weihnachtsmarkt Gut Graßdorf;;1;0;0;0;0;17:00-21:00;14:00-21:00;14:00-19:00;0;;12.12.25=17:00-21:00,14.12.25=14:00-19:00;;0;;0;0;gut_grassdorf_taucha.jpg;<a href="https://commons.wikimedia.org/wiki/File:Gra%C3%9FdorfGut.JPG">Jwaller, CC BY-SA 3.0</a>;Straßenbahn 3 bis 'An der Bürgerruhe, Taucha';1300;0;Am 3. Adventwochenende vom 12. bis 14. Dezember findet unser 5. Graßdorfer Weihnachtsmarkt auf dem Hof statt. Genießen Sie einen unserer leckeren Glühweine in verschiedenen Sorten oder unsere hausgemachte Feuerzangenbowle und stillen Sie Ihren Appetit mit einem kleinen Snack auf unserem Hof. Eine gute Möglichkeit zur Pause auf einer kleinen vorweihnachtlichen Spazierrunde oder eine willkommene Gelegenheit, sich mit Freunden auf ein kleines Heißgetränk zu treffen. Wir legen viel Wert auf Handwerkskunst und Familien. Weil wir nicht nur unser Restaurantangebot vorrangig regional beziehen, sondern eben auch unseren Weihnachtsmarkt durch Regionalität prägen möchten, haben wir vorrangig lokale Anbieter eingeladen.
47;Lützschena-Stahmeln;Adventmarkt Lützschena;Adventmarkt Lützschena;Schloßweg 4;04159 Leipzig;14.12.25;14.12.25;Schlosskirche Lützschena;14:00-18:00;;https://www.leipzig.de/kultur-und-freizeit/veranstaltungen/eventsingle/event/adventsmarkt-an-der-schlosskirche-1;<a class='text-sm underline' target='blank' href='http://www.luetzschena-stahmeln.de/termine/anzeigen.php'>Offizielle Seite</a>;51.3798625;12.280626073640347;Adventmarkt Lützschena;;1;0;0;0;0;0;0;14:00-18:00;0;;0;;0;;0;0;schlosskirche_luetzschena.jpg;<a href="https://commons.wikimedia.org/wiki/File:L%C3%BCtzschenaSchlo%C3%9FkircheS.JPG">Jwaller, CC BY-SA 3.0</a>;Straßenbahn 11 bis 'Lützschena';493;0;mit Adventsgottesdienst, danach Stände rund um die Kirche, 16.300 Uhr Konzert mit der Fiddle Folk Family „Weihnachten in Irland“
48;Paunsdorf;Winterdorf Paunsdorf;Winterdorf Paunsdorf;Paunsdorfer Allee 1;04329 Leipzig;20.11.25;01.01.26;Paunsdorf Center;10:00-22:00;;https://www.westfield.com/de/germany/paunsdorfcenter/news/winterdorf-mit-grosser-freiluft-eisbahn-winterrutsche-and-kinderattraktionen/132845;<a class='text-sm underline' target='blank' href='https://www.westfield.com/de/germany/paunsdorfcenter/news/winterdorf-mit-grosser-freiluft-eisbahn-winterrutsche-and-kinderattraktionen/132845'>Offizielle Seite</a>;51.34860449999999;12.477865158631062;Winterdorf Paunsdorf;;1;10:00-20:00;10:00-20:00;10:00-20:00;10:00-20:00;10:00-22:00;10:00-22:00;11:00-19:00;24.12.25;;20.11.25=10:00-20:00,23.11.25=11:00-19:00,24.11.25=10:00-20:00,25.11.25=10:00-20:00,26.11.25=10:00-20:00,27.11.25=10:00-20:00,30.11.25=11:00-19:00,01.12.25=10:00-20:00,02.12.25=10:00-20:00,03.12.25=10:00-20:00,04.12.25=10:00-20:00,07.12.25=11:00-19:00,08.12.25=10:00-20:00,09.12.25=10:00-20:00,10.12.25=10:00-20:00,11.12.25=10:00-20:00,14.12.25=11:00-19:00,15.12.25=10:00-20:00,16.12.25=10:00-20:00,17.12.25=10:00-20:00,18.12.25=10:00-20:00,21.12.25=11:00-19:00,22.12.25=10:00-20:00,23.12.25=10:00-20:00,25.12.25=10:00-20:00,28.12.25=11:00-19:00,29.12.25=10:00-20:00,30.12.25=10:00-20:00,31.12.25=10:00-20:00,01.01.26=10:00-20:00;;0;;0;0;paunsdorf_center.jpg;<a href="https://commons.wikimedia.org/wiki/File:Leipzig-Paunsdorf,_das_Paunsdorf_Center,_Innenansicht.jpg">Dguendel, CC BY-SA 3.0</a>;Straßenbahn 7 bis 'Permoserstr.';280;1;Ab dem 20. November öffnet wieder unser Winterdorf auf dem Außengelände vor Eingang 1 – und mit ihm eine der beliebtesten Attraktionen der Saison: die 1000 Quadratmeter große Freiluft-Eisbahn.
49;Böhlitz-Ehrenberg;Weihnachtsmarkt Böhlitz-Ehrenberg;Weihnachtsmarkt Böhlitz-Ehrenberg;Ludwig-Jahn-Str. 12c;04178 Leipzig;29.11.25;29.11.25;TSV Böhlitz-Ehrenberg 1990 e.V.;14:00-20:00;;http://www.bgbe.de/weihnachtsmarkt;<a class='text-sm underline' target='blank' href='http://www.bgbe.de/weihnachtsmarkt'>Offizielle Seite</a>;51.327565576661755;12.250375386441817;Weihnachtsmarkt Böhlitz-Ehrenberg;;1;0;0;0;0;0;14:00-20:00;0;0;;0;;0;;0;1;boehlitz_ehrenberg.jpg;Jörg Reichert, CC BY-SA 4.0;Straßenbahn 7 bis 'Burghausenerstr';100;1;verschiedene Verkaufsstände, Bastelstraße, Ponyreiten, Märchenstunde, Besuch vom Weihnachtsmann, Schottische Musik, Weihnachtsliedersingen mit dem Posaunenchor Böhlitz-Ehrenberg
50;Podelwitz;Schlossweihnacht in Podelwitz;Schlossweihnacht;Am Schloss 4;04680 Colditz;29.11.25;30.11.25;Wasserschloss Podelwitz;10:00-19:00;info<at>wasserschloss-podelwitz.de;https://www.wasserschloss-podelwitz.de/veranstaltungen/2486191/2024/11/30/schlossweihnacht.html;;51.152758649999996;12.834418668118957;Schlossweihnacht in Podelwitz;;1;0;0;0;0;0;10:00-19:00;10:00-19:00;0;;0;;0;;0;0;wasserschloss_podelwitz.jpg;<a href="https://commons.wikimedia.org/wiki/File:20050422082DR_Podelwitz_(Colditz)_Wasserschlo%C3%9F.jpg">Jörg Blobelt, CC BY-SA 3.0</a>;Bus 621 bis 'Hauptstr, Podelwitz';347;1;Zum ersten Adventswochenende laden wir Groß und Klein zu unserer Schlossweihnacht ein. Mit kreativen Künstlern und Ausstellern sorgen wir nicht nur für das leibliche Wohl, sondern auch für große Augen.
52;;Delitzscher Adventsmarkt;Delitzscher Adventsmarkt;Marktplatz;04509 Delitzsch;05.12.25;07.12.25;Stadtverwaltung Delitzsch;12:00-22:00;;https://www.delitzsch.de/regional/veranstaltungen/delitzscher-adventsmarkt-2025-900003380-27640.html;;51.5224197;12.332694295353717;Delitzscher Adventsmarkt;;1;0;0;0;0;14:00-22:00;12:00-22:00;12:00-19:00;0;;05.12.25=14:00-22:00,07.12.25=12:00-19:00;;0;;0;0;markt_delitzsch.jpg;<a href="https://commons.wikimedia.org/wiki/File:Delitzsch_Markt.jpg">Joeb07, CC BY-SA 3.0</a>;S2 und Bus B bis 'Markt, Delitzsch';0;1;2023 hatte das SAT1 Frühstücksfernsehen den Delitzscher Adventsmarkt zu den schönsten Weihnachtsmärkten in Deutschland gewählt – jährlich verzaubert er vor malerischer Altstadtkulisse mit heimeliger Atmosphäre und individuellen Angeboten sowie dem durchgehenden Kulturprogramm tausende Gäste. Mehr als 80 Stände bieten auch in diesem Jahr eine beeindruckende Auswahl an außergewöhnlichen nationalen und internationalen Gaumenfreuden, wie Trdelník, Salzwedeler Baumkuchen, Chatschapuri, Pulsnitzer Pfefferkuchen, Poffertjes, Fudge und Flammlachs. Dazu gesellt sich kreative Handwerkskunst von Glasbläsern, Keramikern, Holzgestaltern und vielen anderen Kunsthandwerkern, die ihre einzigartigen Werke präsentieren. Im wettergeschützten Innenbereich des Veranstaltungshauses „Markt Zwanzig“ können zudem individuelle Weihnachtspyramiden, filigraner Christbaumschmuck, Schokolade aus Kamelmilch und handgefertigte Seifen bewundert werden. Auf der Marktbühne ist ein durchgehendes Programm, u. a. mit Livemusik der Bands „Four Roses“, „PlanZwoo“, „Golden Mary“, von Björn Martins sowie Jaqueline Engel, zu sehen. Für die kleinen Gäste gibt es neben Eselreiten, Karussell- und Eisenbahnfahrten ein kostenfreies Holzspielmobil, das am Samstag- und Sonntagnachmittag für leuchtende Kinderaugen sorgt. Um den erwarteten Gästeandrang besser zu bewältigen, wird die Straße vor dem Rathaus erneut für den Verkehr gesperrt und in die Veranstaltungsfläche integriert. Die Stadtverwaltung empfiehlt die Anreise mit öffentlichen Verkehrsmitteln und die Nutzung der Parkplätze an den beiden Bahnhöfen sowie in der Richard-Wagner-Straße.
53;Anger-Crottendorf;Ostwache-Weihnachtsmarkt;Ostwache-Weihnachtsmarkt;Gregor-Fuchs-Str. 45-47;04318 Leipzig;06.12.25;06.12.25;Ostwache;14:00-19:00;ostwache<at>posteo.de;https://www.ostwache.org/ueber-uns/;<a class='text-sm underline' target='blank' href='https://www.ostwache.org/ueber-uns/'>Offizielle Seite</a>;51.336706;12.419102197808705;Ostwache-Weihnachtsmarkt;;1;0;0;0;0;0;14:00-19:00;0;0;;0;;0;;0;0;ostwache.jpg;Jörg Reichert, CC BY-SA 4.0;Straßenbahn 7 bis 'Edlichstr';996;0;Kunsthandwerk, Glühwein, Punsch, Kaffee und Waffeln, Tanz, Musik, Infos zur Ostwache, Grill
54;Zentrum;Dark XMAS Markt in der Moritzbastei;Dark XMAS Markt;Kurt-Masur-Platz 1;04109 Leipzig;14.12.25;14.12.25;Moritzbastei;13:00-19:00;;https://www.leipzig.de/kultur-und-freizeit/veranstaltungen/eventsingle/event/dark-xmas-markt;<a class='text-sm underline' target='blank' href='https://www.moritzbastei.de/event/special/2024-12-15/dark-xmas-markt-2024-2'>Offizielle Seite</a>;51.33732765;12.379120977358145;Dark XMAS Markt in der Moritzbastei;;1;0;0;0;0;0;0;13:00-19:00;0;;0;;0;;1;0;moritzbastei.jpg;Jörg Reichert, CC BY-SA 4.0;Straßenbahn 4, 7, 12, 15 bis 'Augustusplatz';435;0;Der Leipzig Dark Markt freut sich wieder einen Weihnachtsmarkt zu veranstalten. Einen Tag lang könnt kann die Handwerkskunst der Szene bewundert werden. Der Dark-Xmas-Markt bietet einen schaurig schönen schwarzen Adventssonntag.
55;Zentrum-Nord;TV-Club Weihnachtsmarkt;TV-Club Weihnachtsmarkt;Theresienstr. 2;04105 Leipzig;07.12.25;07.12.25;TV-Club;11:00-20:00;;https://www.tv-club-leipzig.de/weihnachtlich-winterlicher-floh-und-pflanzenmarkt-am-07-12-2025/;;51.358863;12.3796134;TV-Club Weihnachtsmarkt;;1;0;0;0;0;0;0;11:00-20:00;0;;0;;0;;0;0;tvclubleipzig.jpg;Jörg Reichert, CC BY-SA 4.0;Straßenbahn 11 oder 16 bis 'Wilhelminenstr.';262;1;Weihnachtlich angehauchter (Floh- & Pflanzenmarkt auf dem TV-Club Gelände.
56;Eutritzsch;Kulturhaus Wintermarkt;Kulturhaus Wintermarkt;Thaerstraße 39;04129 Leipzig;09.11.25;28.12.25;Kulturhaus Eutritzsch;15:00-19:00;;https://kulturhauseutritzsch.de;;51.3711927;12.3913362;Kulturhaus Wintermarkt;;1;0;0;0;0;0;0;15:00-19:00;10.11.25,11.11.25,12.11.25,13.11.25,14.11.25,15.11.25,17.11.25,18.11.25,19.11.25,20.11.25,21.11.25,22.11.25,24.11.25,25.11.25,26.11.25,27.11.25,28.11.25,29.11.25,01.12.25,02.12.25,03.12.25,04.12.25,05.12.25,06.12.25,08.12.25,09.12.25,10.12.25,11.12.25,12.12.25,13.12.25,15.12.25,16.12.25,17.12.25,18.12.25,19.12.25,20.12.25,22.12.25,23.12.25,24.12.25,25.12.25,26.12.25,27.12.25;Montag - Samstag;0;;0;;0;0;kulturhaus_eutritzsch.jpg;Jörg Reichert, CC BY-SA 4.0;Straßenbahn 16 bis 'Mosenthinstr.';527;0;rlebe die süßen Seiten des Winters beim stimmungsvollen Wintermarkt im Kulturhaus! ✨ Genieße köstlichen Glühwein, frisch gebackenes Schmalzgebäck und herzhafte Leckereien vom Grill. 🛍️ Stöbere auf unserem Trödelmarkt nach einzigartigen Schnäppchen. 🎶 Ein DJ bringt dich mit mitreißender Musik in Tanzlaune. 🍲 Verwöhne dich bis 18:00 Uhr mit Spezialitäten aus der Kulturhausküche.
60;Wahren;Adventsmarkt Gnadenkirche;Adventsmarkt Gnadenkirche;Opferweg;04159 Leipzig;30.11.25;30.11.25;Gnadenkirche Leipzig-Wahren;12:00-17:00;;https://www.leipzig.de/kultur-und-freizeit/veranstaltungen/eventsingle/event/adventsmarkt-in-wahren;<a class='text-sm underline' target='blank' href='https://sophien-leipzig.de/kalender/adventsmarkt-in-wahren/'>Offizielle Seite</a>;51.37304325972033;12.320250590447642;Adventsmarkt Gnadenkirche;;1;0;0;0;0;0;0;12:00-17:00;0;;0;;0;;0;0;gnadenkirche.jpg;<a href="https://commons.wikimedia.org/wiki/File:Wellenwerk_und_Gnadenkirche.jpg">Freddo213, CC BY-SA 4.0</a>;Straßenbahn 11 bis 'Leipzig Wahren Rathaus';434;0;Adventsmarkt auf dem Kirchberg in Wahren. Spinnradvorführung und Handarbeitsschau im Gartenhaus -herzhafte Speisen, Glühwein & Kinderpunsch -Adventsgestecke, Honigprodukte, selbstgemachte Plätzchen & Marmelade, Weihnachtströdel usw. -Kaffee, Kuchen & Stolle Veranstalter: Förderverein Gemeindeaufbau der Ev.-Luth. Gnadenkirche Leipzig-Wahren e.V. in Zusammenarbeit mit der Evangelisch- Lutherischen Sophienkirchgemeinde In alter Tradition laden wir wieder nach dem Familiengottesdienst um 11 Uhr zum Adventsmarkt auf dem Wahrener Kirchberg ein. Erzählt es weiter und lasst uns gemeinsam die Adventszeit einläuten. Hinweis: Für unsere Umwelt bitten wir, eigene Trinkbecher mitzubringen. Bei Weihnachtsbaum und Feuerschale erwarten euch: 16 - 16:45 Uhr Adventsliedersingen in der Kirche 13 - 16 Uhr Kinderbasteln im Gartenhaus offene Kirche mit Turmführungen.
61;Gohlis-Süd;Adventsmarkt Friedenskirche Gohlis;Adventsmarkt Friedenskirche Gohlis;Kirchplatz 9;04155 Leipzig;06.12.25;06.12.25;Friedenskirche Gohlis;14:00-17:30;;https://www.leipzig.de/kultur-und-freizeit/veranstaltungen/eventsingle/event/adventsmarkt-in-der-friedenskirche;<a class='text-sm underline' target='blank' href='https://www.michaelis-friedens.de/kalender/?r34icsym=202512'>Offizielle Seite</a>;51.35849549943842;12.368296286891194;Adventsmarkt Friedenskirche Gohlis;;1;0;0;0;0;0;14:00-17:30;0;0;;0;;0;;0;0;friedenskirche_gohlis.jpg;Jörg Reichert, CC BY-SA 4.0;Straßenbahn 4 bis 'Fritz-Seger-Str.';434;0;Seit vielen Jahren ist der Adventsmarkt in der Friedenskirche ein fester Punkt im vorweihnachtlichen Trubel. Auch dieses Jahr wird es in der Friedenskirche wieder einen Adventsmarkt mit vielen verschiedenen Angeboten geben. Herzliche Einladung! Glühwein und Gebäck gibt es natürlich auch.
62;Altscherbitz;Adventsmarkt in der art Kapella Schkeuditz;art Kapella Schkeuditz;Teichstraße 7;04435 Schkeuditz;30.11.25;30.11.25;art Kapella Schkeuditz e.V.;12:00-18:00;;https://www.schkeuditz.de/regional/veranstaltungen/adventsmarkt-in-der-art-kapella-schkeuditz-900002107-27780.html;<a class='text-sm underline' target='blank' href='https://www.schkeuditz.de/regional/veranstaltungen/adventsmarkt-in-der-art-kapella-schkeuditz-900002107-27780.html'>Offizielle Seite</a>;51.39498348457599;12.215018057719163;art Kapella Schkeuditz;;1;0;0;0;0;0;0;12:00-18:00;0;;0;;0;;0;0;rathaus_schkeuditz.jpg;<a href="https://commons.wikimedia.org/wiki/File:Schkeuditz_Rathaus-01.jpg">Radler59, CC BY-SA 4.0</a>;Straßenbahn 11 bis 'Rathausplatz Schkeuditz';427;1;Zum 9. Adventsmarkt in der art Kapella Schkeuditz gibt es wieder Grafiken, Malerei, Strick. Deko, Gestecke, Marmeladen, Gebäck und einen Trödelstand. Bratwurst, Fettbemme, Glühwein, Apfelpunsch, Kaffee, Stolle und mehr laden zum Verweilen und lauschen ein. Konzert der "Angel's Share" - irish keltisch Folk / 14 Uhr / Eintritt: frei
64;Zentrum-Süd;Adventmarkt Drei der Münze;Adventmarkt Drei der Münze;Münzgasse 28;04107 Leipzig;07.12.25;07.12.25;Drei der Münze;12:00-20:00;;https://www.instagram.com/dreidermuenze/;<a class='text-sm underline' target='blank' href='https://imginn.com/p/DQ9hjk0jXq0/'>Offizielle Seite</a>;51.3317033;12.372008911530216;Adventmarkt Drei der Münze;;1;0;0;0;0;0;0;12:00-20:00;0;;0;;0;;0;0;drei_der_muenze.jpg;Jörg Reichert, CC BY-SA 4.0;Straßenbahn 10 oder 11 bis 'Münzgasse';256;1;Die erste Kerze wollen wir mit euch anzünden - kommt zu unserem Adventmarkt und lasst euch einstimmen Am 1. Dezember von 12-20 Uhr liefern wir euch Arts&Crafts, Glühwein, Pizza von @pizza_tizio Japanisches Streetfood von @yabai.leipzig, hot Cocktails, Kaffee und Kuchen und vieles mehr! 
65;Zentrum-Süd;Adventsmarkt auf dem Schulhof;Adventsmarkt auf dem Schulhof des Evangelischen Schulzentrums Leipzig;Schletterstraße 7;04107 Leipzig;09.12.25;09.12.25;Evangelisches Schulzentrum Leipzig;15:00-23:59;;https://www.leipzig.de/kultur-und-freizeit/veranstaltungen/eventsingle/event/adventsmarkt-evangelisches-schulzentrum-leipzig;;51.33052975;12.377326976416107;Adventsmarkt auf dem Schulhof;;1;0;15:00-23:59;0;0;0;0;0;0;;0;;0;;0;0;peterskirche.jpg;Jörg Reichert, CC BY-SA 4.0;Straßenbahn 10 oder 11 bis 'Münzgasse';407;0;
66;Zentrum-Süd;Adventsmusik der Musikschule Leipzig;Adventsmusik der Musikschule Leipzig;Petersstraße 43;04109 Leipzig;01.12.25;19.12.25;Adventsmusik der Musikschule Leipzig;17:00-23:59;;https://www.musikschule-leipzig.de/veranstaltung/adventsmusik-im-musikschulhof/;<a class='text-sm underline' target='blank' href='http://www.musikschule-leipzig.de'>Offizielle Seite</a>;51.33690245;12.37554462857548;Adventsmusik der Musikschule Leipzig;;1;17:00-23:59;17:00-23:59;17:00-23:59;17:00-23:59;17:00-23:59;0;0;06.12.25,07.12.25,13.12.25,14.12.25;Samstag - Sonntag;0;;0;;0;0;musikschule_leipzig.jpg;<a href="https://commons.wikimedia.org/wiki/File:Petersstra%C3%9Fe_43_Y.jpg">Freddo213, CC BY-SA 4.0</a>;Straßenbahn 4, 7, 12 oder 15 bis 'Augustusplatz';659;0;Vom 1. bis 19. Dezember 2025 verwandelt sich der Innenhof der städtischen Musikschule Leipzig "Johann Sebastian Bach" unter der Woche wieder zu einem kleinen Adventsmarkt. An jedem Werktag können sich Musikliebhaberinnen und Weihnachtsfreunde von 17 bis 17:30 Uhr Kurzkonzerte von verschiedensten Musikensembles kostenfrei anhören.Bei Glühwein und Gebäck lädt die Konzertreihe „Adventsmusik“ in gemütlicher Atmosphäre dazu ein, dem Trubel der Innenstadt für einen Moment zu entfliehen und sich auf die Festtage einzustimmen. Das Programm ist gewohnt vielfältig – von klassischen Bläserklängen über jazzig-rockigen Sound bis hin zu bekannten Weihnachtsliedern zum Mitsingen bieten die Ensembles der Musikschule Leipzig an jedem Wochentag vorweihnachtlichen Hörgenuss.wochentags ab 17 Uhr, Konzerte: 17 bis 17:30 Uhr, Eintritt frei
67;Zentrum;Mittelalter-Weihnachtsmarkt;Mittelalter-Weihnachtsmarkt;Naschmarkt;04109 Leipzig;25.11.25;23.12.25;Stadt Leipzig;10:00-21:00;;https://www.leipzig.de/freizeit-kultur-und-tourismus/veranstaltungen-und-termine/eventsingle/event/leipziger-weihnachtsmarkt-2023-1;;51.34011925;12.37565282789842;Mittelalter-Weihnachtsmarkt;unbekannt;1;10:00-21:00;10:00-21:00;10:00-21:00;10:00-21:00;10:00-22:00;10:00-22:00;10:00-21:00;0;;28.11.25=10:00-22:00,29.11.25=10:00-22:00,05.12.25=10:00-22:00,06.12.25=10:00-22:00,12.12.25=10:00-22:00,13.12.25=10:00-22:00,19.12.25=10:00-22:00,20.12.25=10:00-22:00;;0;;0;0;mittelaltermarkt.jpg;Jörg Reichert, CC BY-SA 4.0;S1, S2, S3, S4, S5, S5X und S6 bis 'Leipzig, Markt';72;1;Die Tradition des Leipziger Weihnachtsmarktes reicht bis in das Jahr 1458 zurück, womit er der zweitälteste in Deutschland ist. Aufgrund seines einzigartigen kulturellen und kulinarischen Angebotes in der fußgängerfreundlichen, illuminierten Innenstadt hat er sich einen legendären Ruf erworben. Umrahmt wird das weihnachtliche Warenangebot von Höhepunkten wie den Orgelmusiken und Aufführungen des Weihnachtsoratoriums von Johann Sebastian Bach in den Leipziger Kirchen, den Turmbläserauftritten auf dem Turm des Alten Rathauses, der Weihnachtsshow des Krystallpalast Varietés und nicht zuletzt dem Märchenwald und der Weihnachtsmannsprechstunde.
68;Zentrum;Märchenwald;Märchenwald;Augustusplatz;04109 Leipzig;25.11.25;23.12.25;Stadt Leipzig;10:00-21:00;;https://www.leipzig.de/freizeit-kultur-und-tourismus/veranstaltungen-und-termine/eventsingle/event/leipziger-weihnachtsmarkt-2023-1;;51.34011925;12.381041279883647;Märchenwald;unbekannt;1;10:00-21:00;10:00-21:00;10:00-21:00;10:00-21:00;10:00-22:00;10:00-22:00;10:00-21:00;0;;28.11.25=10:00-22:00,29.11.25=10:00-22:00,05.12.25=10:00-22:00,06.12.25=10:00-22:00,12.12.25=10:00-22:00,13.12.25=10:00-22:00,19.12.25=10:00-22:00,20.12.25=10:00-22:00;;0;;0;0;maerchenwald.jpg;Jörg Reichert, CC BY-SA 4.0;4, 7, 12 oder 15 bis 'Augustusplatz';20;1;Die Tradition des Leipziger Weihnachtsmarktes reicht bis in das Jahr 1458 zurück, womit er der zweitälteste in Deutschland ist. Aufgrund seines einzigartigen kulturellen und kulinarischen Angebotes in der fußgängerfreundlichen, illuminierten Innenstadt hat er sich einen legendären Ruf erworben. Umrahmt wird das weihnachtliche Warenangebot von Höhepunkten wie den Orgelmusiken und Aufführungen des Weihnachtsoratoriums von Johann Sebastian Bach in den Leipziger Kirchen, den Turmbläserauftritten auf dem Turm des Alten Rathauses, der Weihnachtsshow des Krystallpalast Varietés und nicht zuletzt dem Märchenwald und der Weihnachtsmannsprechstunde.
69;Zentrum;Finnisches Dorf;Finnisches Dorf;Augustusplatz;04109 Leipzig;25.11.25;23.12.25;Stadt Leipzig;10:00-21:00;;https://www.leipzig.de/freizeit-kultur-und-tourismus/veranstaltungen-und-termine/eventsingle/event/leipziger-weihnachtsmarkt-2023-1;;51.338716300226906;12.380828370494555;Finnisches Dorf;unbekannt;1;10:00-21:00;10:00-21:00;10:00-21:00;10:00-21:00;10:00-22:00;10:00-22:00;10:00-21:00;0;;28.11.25=10:00-22:00,29.11.25=10:00-22:00,05.12.25=10:00-22:00,06.12.25=10:00-22:00,12.12.25=10:00-22:00,13.12.25=10:00-22:00,19.12.25=10:00-22:00,20.12.25=10:00-22:00;;0;;0;0;finnisches_dorf.jpg;Jörg Reichert, CC BY-SA 4.0;4, 7, 12 oder 15 bis 'Augustusplatz';20;1;Die Tradition des Leipziger Weihnachtsmarktes reicht bis in das Jahr 1458 zurück, womit er der zweitälteste in Deutschland ist. Aufgrund seines einzigartigen kulturellen und kulinarischen Angebotes in der fußgängerfreundlichen, illuminierten Innenstadt hat er sich einen legendären Ruf erworben. Umrahmt wird das weihnachtliche Warenangebot von Höhepunkten wie den Orgelmusiken und Aufführungen des Weihnachtsoratoriums von Johann Sebastian Bach in den Leipziger Kirchen, den Turmbläserauftritten auf dem Turm des Alten Rathauses, der Weihnachtsshow des Krystallpalast Varietés und nicht zuletzt dem Märchenwald und der Weihnachtsmannsprechstunde.
70;Zentrum;Südtiroler Dorf;Südtiroler Dorf;Augustusplatz;04109 Leipzig;25.11.25;23.12.25;Stadt Leipzig;10:00-21:00;;https://www.leipzig.de/freizeit-kultur-und-tourismus/veranstaltungen-und-termine/eventsingle/event/leipziger-weihnachtsmarkt-2023;;51.33873825087565;12.379759298142602;Südtiroler Dorf;unbekannt;1;10:00-21:00;10:00-21:00;10:00-21:00;10:00-21:00;10:00-22:00;10:00-22:00;10:00-21:00;0;;28.11.25=10:00-22:00,29.11.25=10:00-22:00,05.12.25=10:00-22:00,06.12.25=10:00-22:00,12.12.25=10:00-22:00,13.12.25=10:00-22:00,19.12.25=10:00-22:00,20.12.25=10:00-22:00;;0;;0;0;suedtiroler_dorf.jpg;Jörg Reichert, CC BY-SA 4.0;4, 7, 12 oder 15 bis 'Augustusplatz';20;1;Die Tradition des Leipziger Weihnachtsmarktes reicht bis in das Jahr 1458 zurück, womit er der zweitälteste in Deutschland ist. Aufgrund seines einzigartigen kulturellen und kulinarischen Angebotes in der fußgängerfreundlichen, illuminierten Innenstadt hat er sich einen legendären Ruf erworben. Umrahmt wird das weihnachtliche Warenangebot von Höhepunkten wie den Orgelmusiken und Aufführungen des Weihnachtsoratoriums von Johann Sebastian Bach in den Leipziger Kirchen, den Turmbläserauftritten auf dem Turm des Alten Rathauses, der Weihnachtsshow des Krystallpalast Varietés und nicht zuletzt dem Märchenwald und der Weihnachtsmannsprechstunde.
71;Zentrum;Schweizer Dorf;Schweizer Dorf;Burgplatz;04109 Leipzig;25.11.25;21.12.25;Petersbogen;11:00-21:00;;https://www.instagram.com/p/DRb_qVtgpq3/;;51.33702095731854;12.37318048186259;Schweizer Dorf;unbekannt;1;11:00-21:00;11:00-21:00;11:00-21:00;11:00-21:00;11:00-22:00;11:00-22:00;11:00-21:00;0;;28.11.25=11:00-22:00,29.11.25=11:00-22:00,05.12.25=11:00-22:00,06.12.25=11:00-22:00,12.12.25=11:00-22:00,13.12.25=11:00-22:00,19.12.25=11:00-22:00,20.12.25=11:00-22:00;;0;;0;1;schweizer03.jpg;Jörg Reichert, CC BY-SA 4.0;S1, S2, S3, S4, S5, S5X und S6 bis 'Wilhelm-Leuschner-Platz';20;1;Entdeckt ein kleines Stück Schweiz mitten in Leipzig! Auf dem Burgplatz vor dem Petersbogen erwartet euch unser "Schweizer Dorf" – mit der ein oder anderen Schweizer Spezialität, wärmenden Getränken und Spaß beim Eisstockschießen. Ob als kurzer Abstecher in der Mittagspause, ein Familienausflug oder gemütlicher Nachmittag mit Freunden – hier kommt jeder auf seine Kosten. Reserviert euch eine Bahn und werft ein paar Runden! Kommt vorbei und taucht ein in die Schweizer Gemütlichkeit – wir freuen uns auf euch!
74;Volkmarsdorf;Weihnachtliches Getümmel;Rad-Tanke;Bautzmannstr. 2;04315 Leipzig;07.12.25;07.12.25;Rad-Tanke;12:00-18:00;;https://www.radtanke.de/events/;;51.3438931;12.41728261882562;Rad-Tanke;unbekannt;0;0;0;0;0;0;0;12:00-18:00;0;;0;;0;;0;1;radtanke.jpg;Jörg Reichert, CC BY-SA 4.0;Straßenbahn 3 oder 7 bis 'Leipzig, Torgauer Platz';349;1;Handgemachtes, Live-Musik, Kinderbasteln, Kaffee+Kuchen
76;Volkmarsdorf;Sellerhäuser Adventslicht;Sellerhäuser Adventslicht;Wurzner Straße 160;04318 Leipzig;07.12.25;07.12.25;Emmauskirche Sellerhausen;14:00-17:00;;https://www.kirchspiel-leipzig.de/aktuelles/veranstaltungen-2/;<a class='text-sm underline' target='blank' href='https://www.kirchspiel-leipzig.de/aktuelles/veranstaltungen-2/'>Offizielle Seite</a>;51.34325225;12.427336693200154;Sellerhäuser Adventslicht;unbekannt;0;0;0;0;0;0;0;14:00-17:00;0;;0;;0;;0;1;emmauskirche.jpg;Jörg Reichert, CC BY-SA 4.0;Straßenbahn 7 bis 'Sellerhausen / Emmaustraße';89;1;Adventsmusik in der Emmauskirche
77;Leutzsch;Chemischer Weihnachtsmarkt;Chemischer Weihnachtsmarkt;Am Sportpark 2;04179 Leipzig;13.12.25;13.12.25;Chemie Leipzig;13:00-21:00;;https://www.chemie-leipzig.de/2025/11/01/chemischer-weihnachtsmarkt-2025-save-the-date-13-12-und-standanmeldung/;;51.35940785;12.307036511832258;Chemischer Weihnachtsmarkt;unbekannt;0;0;0;0;0;0;13:00-21:00;0;0;;0;;0;;0;0;bsg_chemie.jpg;Jörg Reichert, CC BY-SA 4.0;S1 oder Bus 80 bis 'Leipzig Leutzsch' bzw. 'Am Viadukt';769;0;„Fröhliche Leutzscher überall …“ - Ihr wisst es schon längst: Der chemische Weihnachtsmarkt steht wieder an! Wie immer ist für Groß und Klein, Alt und Jung alles dabei, was das grün-weiße Herz begehrt: Kinderdisco, Kinderschminken, Weihnachtsmann, Modellautos, Kinder-Eisenbahn, Hüpfburg, Feuerwehr, Handbrot, Kräppelchen, Grill, vegetarische Speisen, Glühwein, individuelle Stände für Groß- & Klein
80;Stötteritz;Adventsmarkt in Oststraße 181b;Adventsmarkt in Oststraße 181b;Oststraße 181b;04299 Leipzig;06.12.25;06.12.25;Zaubergarten Stötteritz & Jugendclub Oststraße;14:00-19:00;;https://www.junior-leipzig.de/veranstaltungen/2795165/2025/12/06/adventsmarkt.html;<a class='text-sm underline' target='blank' href='https://www.junior-leipzig.de/veranstaltungen/2795165/2025/12/06/adventsmarkt.html'>Offizielle Seite</a>;51.324094007388624;12.421477804830488;Adventsmarkt in Oststraße 181b;;1;0;0;0;0;0;14:00-19:00;0;0;;0;;0;;0;0;oststrasse181.jpg;Jörg Reichert, CC BY-SA 4.0;Straßenbahn 4 bis 'Holzhäuser Str.';153;1;Neben Glühwein, Kinderpunsch, leckerem Grillgut und Schokofrüchten wird es auch ein Adventsbingo, Kreativstände, Lagerfeuer, Handwerksstände, sportliche Aktivitäten sowie einen Weihnachtsfilm geben.
87;Plagwitz;OH-Supermarkt;OH-Supermarkt;Markranstädter Straße 8;04229 Leipzig;14.12.25;14.12.25;Markthalle Plagwitz;10:00-17:00;;https://www.leipzig.de/kultur-und-freizeit/veranstaltungen/eventsingle/event/weihnachtsmarkt-plagwitzer-markthalle;<a class='text-sm underline' target='blank' href='https://plagwitzer-markthalle.de/konzerte-und-veranstaltungen'>Offizielle Seite</a>;51.3255505;12.3301055;OH-Supermarkt;;1;0;0;0;0;0;0;10:00-17:00;0;;0;;0;;0;0;markthalle_plagwitz.jpg;<a href="https://commons.wikimedia.org/wiki/File:Markranst%C3%A4dter_Stra%C3%9Fe_8.jpg">Freddo213, CC BY-SA 4.0</a>;Straßenbahn 3 bis "Markranstädter Str.";504;0;Familienfreundlicher Weihnachtsmarkt in der Plagwitzer Markthalle, organisiert von coriole Keramik und Filde Keramik. Unter anderem mit Keramik, Illustration, Schmuck und Kunsthandwerk, sowie regionalen Lebensmitteln, Kuchen, Glühwein, Lagerfeuer, Tannenbaumverkauf und vielen Essensständen.https://plagwitzer-markthalle.de/
88;Leutzsch;Weihnachts-Brimborium;Weihnachts-Brimborium;Gustav-Esche-Straße 1;04179 Leipzig;29.11.25;30.11.25;Villa Hasenholz;12:00-20:00;;https://www.facebook.com/photo/?fbid=1371465871375527&set=pcb.1371465898042191;;51.357568349999994;12.313838432762196;;;1;0;0;0;0;0;12:00-20:00;12:00-20:00;0;;0;;0;;0;0;;;Bus 80 bis "Am Sportpark";71;1;
89;Wahren;Vegan Festival Leipzig – Winteredition;Pittlerwerke;Polyphonstr. 8;04159 Leipzig;13.12.25;14.12.25;Pittlerwerke open air;12:00-21:00;;https://www.pittlerwerke.org/de/event/vegan-festival-leipzig-winter;<a class='text-sm underline' target='blank' href='https://pittlerwerke.org/events/2024/11/6/46870602-Veganer-Weihnachtsmarkt/'>Offizielle Seite</a>;51.37813989490391;12.315551255306474;Pittlerwerke;;1;0;0;0;0;0;12:00-21:00;12:00-20:00;0;;14.12.25=12:00-20:00;;0;;0;0;pittlerwerke.jpg;Jörg Reichert, CC BY-SA 4.0;Straßenbahn 11 bis "Wahren (Rathaus)";997;0;Am 13. und 14. Dezember laden die Pittlerwerke und Millets wieder zum großen Vegan Festival Leipzig – Winter Edition ein. Freut euch auf zwei Tage voller Genuss, Musik und inspirierender Begegnungen. Entdeckt eine bunte Auswahl an Ständen mit veganen Köstlichkeiten, nachhaltigen Produkten, handgemachten Geschenkideen und wärmenden Getränken. Dazu gibt’s Live-Musik, gemütliche Ecken zum Verweilen und eine festliche Atmosphäre, die Lust auf den Winter macht.
90;Böhlitz-Ehrenberg;Weihnachtsmarkt Böhlitz-Ehrenberg;Weihnachtsmarkt Böhlitz-Ehrenberg;Schönauer Landstraße 2A;04178 Leipzig;29.11.25;29.11.25;Freiwillige Feuerwehr Böhlitz-Ehrenberg;14:00-20:00;;https://www.leipzig.de/kultur-und-freizeit/veranstaltungen/eventsingle/event/weihnachtsmarkt-boehlitz-ehrenberg-2;;51.3599383;12.281574379850362;;;1;0;0;0;0;0;14:00-20:00;0;0;;0;;0;;0;0;;;Bus 131 bis "Rückmarsdorf (Leipzig), Zum Bahnhof";281;1;Verschiedene Verkaufsstände, Bastelstraße, Ponyreiten, Märchenstunde, Besuch des Weihnachtsmannes und mehr. Eintritt freihttps://www.bgbe.de/weihnachtsmarkt
99;Zentrum-Süd;HGB-Wintermarkt;HGB-Wintermarkt;Wächterstraße 11;04107 Leipzig;06.12.25;07.12.25;Studierende der HGB;11:00-18:00;;https://imginn.com/p/DRb97UXiH2p/;<a class='text-sm underline' target='blank' href='https://imginn.com/p/DRb97UXiH2p/'>Offizielle Seite</a>;51.33338583266172;12.367862729319143;HGB-Wintermarkt;;1;0;0;0;0;0;11:00-18:00;11:00-17:00;0;;07.12.25=11:00-17:00;;0;0;0;0;hgb.jpg;<a href="https://commons.wikimedia.org/wiki/File:W%C3%A4chterstra%C3%9Fe_11_Leipzig.jpg">Freddo213, CC BY-SA 4.0</a>;Straßenbahn 8, 9 oder 14 bis "Neues Rathaus";429;0;Studierende der HGB organisieren am 7. & 8. Dezember 2024 einen Flohmarkt, an dem Arbeiten, Drucke, Fotografien, Zeichnungen, Keramik, kleine Skulpturen, Gemälde, Gadgets, Schmuck, Comics, Zines und noch viel mehr gezeigt und verkauft werden. Kommt vorbei, für Getränke und Snacks ist gesorgt!
96;Reudnitz-Thonberg;Substanz Glühweinmarkt;Substanz;Täubchenweg 67;04317 Leipzig;21.11.25;23.12.25;Substanz;18:00-23:59;substanz-leipzig@hotmail.de;https://imginn.com/p/DQMrVB6iHe6/;;51.336215019639724;12.402854637262266;Substanz;;1;18:00-23:59;18:00-23:59;18:00-23:59;18:00-23:59;18:00-23:59;18:00-23:59;18:00-23:59;0;;0;;0;0;0;0;substanz.jpg;Jörg Reichert, CC BY-SA 4.0;Straßenbahn 4 oder 7 bis "Leipzig, Breite Str.";152;1;Der schönste Biergarten Leipzigs öffnet seine Tore zum alljährlichen Glühweinmarkt. Mit dem besten Glühwein der Stadt, feinsten Köstlichkeiten aus dem Ofen und magischer Atmosphäre läuten wir die diesjährige Weihnachtszeit ein.
100;Zentrum-Südost;biocity Leipzig;biocity Leipzig;Deutscher Platz 5;04103 Leipzig;02.12.25;02.12.25;biocity Leipzig;12:00-15:30;;https://www.leipzig.de/kultur-und-freizeit/veranstaltungen/eventsingle/event/weihnachtsmarkt-in-der-bio-city;<a class='text-sm underline' target='blank' href='https://www.biocity-campus.com/3-12-weihnachtsmarkt-im-foyer-der-bio-city-12-1530-uhr/'>Offizielle Seite</a>;51.320754963330046;12.396130349158511;biocity Leipzig;;1;0;12:00-15:30;0;0;0;0;0;0;;0;;0;0;0;0;biocity.jpg;<a href="https://commons.wikimedia.org/wiki/File:BioCity_und_BioCube.jpg">Vita 34, CC BY-SA 3.0</a>;Straßenbahn 15 bis "Technisches Rathaus";709;0;mit Selbstgemachtem, Leckereien und vielem mehr im Foyer der Bio CityWeihnachtliche Spendeaktion zugunsten des Vereins Minilöwen
101;Zentrum-Ost;Kunst- und Gewerbehof HP7;HP7;Hans-Poeche-Straße 7;04103 Leipzig;29.11.25;29.11.25;Kunst- und Gewerbehof HP7;14:00-20:00;;https://www.leipzig.de/kultur-und-freizeit/veranstaltungen/eventsingle/event/hp7-weihnachts-kunst-designmarkt-kunst-gewerbehof-hp7;<a class='text-sm underline' target='blank' href='http://www.hp-sieben.de'>Offizielle Seite</a>;51.34390880217788;12.389737488331804;Kunst- und Gewerbehof HP7;;1;0;0;0;0;0;14:00-20:00;0;0;;0;;0;0;0;0;hp7.jpg;Jörg Reichert, CC BY-SA 4.0;Straßenbahn 1, 3 oder 8 bis "Friedrich-List-Platz";219;1;Weihnachtlicher Kunst- und Designmarkt mit Schmuck, Porzellan/Keramik, Grafik, Textil- und Produktdesign in den Innenräumen. Dazu Lesungen sowie Glühwein und warme Speisen am Feuer im Innenhof des historischen Gebäude.www.hp-sieben.de
103;Zweinaundorf;Weihnachtsmarkt im Stadtgut Mölkau;Stadtgut Mölkau;Kelbestraße 3;04316 Leipzig;06.12.25;07.12.25;Stadtgut Mölkau;12:00-23:59;;https://www.leipzig.de/kultur-und-freizeit/veranstaltungen/eventsingle/event/weihnachtsmarkt-im-stadtgut-moelkau;<a class='text-sm underline' target='blank' href='https://www.stadtgut-moelkau.de'>Offizielle Seite</a>;51.32651855886607;12.452295913043997;Stadtgut Mölkau;;1;0;0;0;0;0;12:00-23:59;12:00-23:59;0;;0;;0;0;0;0;stadtgut_moelkau.jpg;<a href="https://commons.wikimedia.org/wiki/File:Stadtgut_Leipzig_Moelkau_2.JPG">myself, CC BY-SA 3.0</a>;Bus 72 oder 73 bis "Leipzig, Am Bahndamm";1000;0;Am 6. und 7. Dezember verwandelt sich das Stadtgut Mölkau in einen fröhlichen Weihnachtsmarkt. Am Samstag gibt es ein besonderes musikalisches Geschenk: Die Partheplautzer kommen vorbei und bringen weihnachtliche Klänge mit, die den Advent wie einen kleinen Zauberspruch eröffnen. Ein großer Doppeldeckerbus wartet darauf, dass Kinder darin ihre eigenen Weihnachtskekse backen. Der süße Duft hüpft schon an der Tür entlang und lädt alle ein, Teigkünstler zu werden. Zum Naschen gibt es alles, was den Bauch fröhlich macht: knuspriges Schmalzgebäck, warmes Langos, leckere Ente und für die Erwachsenen duftenden Glühwein. Dazu kommen viele bunte Kinderaktionen, die den ganzen Markt in ein kleines Winterabenteuer verwandeln.jeweils ab 12 Uhrhttps://www.stadtgut-moelkau.de/
107;Neustadt-Neuschönefeld;ArtMarkt – Weihnachtsedition;ArtMarkt;Hedwigstraße 20;04315 Leipzig;30.11.25;30.11.25;Pöge-Haus e.V.;14:00-20:00;;https://www.pöge-haus.de/de/pec-events/artmarkt-4-2/;<a class='text-sm underline' target='blank' href='https://www.pöge-haus.de/de/pec-events/artmarkt-4-2/'>Offizielle Seite</a>;51.34751349240341;12.403518984235774;ArtMarkt;;1;0;0;0;0;0;0;14:00-20:00;0;;0;;0;0;0;0;poegehaus.jpg;Jörg Reichert, CC BY-SA 4.0;Straßenbahn 1, 3, oder 8 bis Einertstraße;100;1;Der ArtMarkt bringt Künstler*innen und Kreative aus Leipzig und der Region zusammen und schafft einen offenen Raum für Austausch, Begegnung und den Kauf einzigartiger Kunstwerke. Stöbert durch die vielfältigen Stände und entdeckt besondere Schätze: Keramik, Schmuck, Textilkunst, Drucke, Gemälde und vieles mehr. Ob ihr lokale Kunstschaffende unterstützen oder einfach die kreative Atmosphäre genießen möchtet – kommt vorbei und erlebt Leipzigs Kreativszene von ihrer besten Seite!
108;Anger-Crottendorf;Wintermarkt im Naund;Naund;Zweinaundorferstraße 10;04318 Leipzig;13.12.25;14.12.25;Naund e.V.;14:00-20:00;;https://imginn.com/p/DRXyA_eiKls/;<a class='text-sm underline' target='blank' href='https://imginn.com/p/DRXyA_eiKls/'>Offizielle Seite</a>;51.33504908629047;12.4099680242715;Naund;;1;0;0;0;0;0;14:00-20:00;13:00-18:00;0;;14.12.25=13:00-18:00;;0;0;0;0;naund.jpg;Jörg Reichert, CC BY-SA 4.0;Straßenbahn 4 bis Beite Straße;189;1;Am 13.+ 14. Dezember findet Wintermarkt im Naund statt und ihr könnt dabei sein! Egal ob Prints, Illu, Schmuck, Keramik, Fotografie, etc -meldet euch an!
109;Altlindenau;Antifaschistischer Wintermarkt;pixi;Georg-Schwarz-Straße 3;04177 Leipzig;13.12.25;13.12.25;pixi kollektivbar;12:00-18:00;;https://www.instagram.com/p/DQ2bzPSiFmC/;<a class='text-sm underline' target='blank' href='https://www.instagram.com/p/DQ2bzPSiFmC/'>Offizielle Seite</a>;51.338198215271035;12.327178906744251;Naund;;1;0;0;0;0;0;12:00-18:00;0;0;;0;;0;0;0;0;;;Straßenbahn 7 bis Georg-Schwarz/Merseburger Straße;44;1;Der Winter naht – und es sieht düster aus. Die Fördertöpfe werden zusammengestrichen, queere und antifaschistische Projekte sind mehr denn je auf sich allein gestellt. Auch in der Gastro wird’s eng. Wir als Kneipe stecken ebenfalls in einer finanziell prekären Lage und wollen uns gar nicht vorstellen, wie es wäre, wenn es Orte wie das Pixi nicht mehr gäbe: Räume für queeren, solidarischen und antifaschistischen Austausch, für Begegnung und Widerstand. Am 13.12. verwandeln wir das Pixi wieder in einen kleinen antifaschistischen Wintermarkt. Kommt vorbei, schlendert durch den Laden, stöbert bei den Artists, trefft neue Menschen, tauscht euch aus, vernetzt euch – und wärmt euch auf mit Glühwein oder Glühpunsch in guter Gesellschaft. Vielleicht ist ja auch das ein oder andere (Weihnachts-)geschenk noch dabei. Gemeinsam machen wir’s uns schön!
110;Connewitz;Weihnachten mit Kreuz - der Ilses Erika Weihnachtsmarkt;Ilses Erika;Bernhard-Göring-Str. 152;04277 Leipzig;13.12.25;13.12.25;Ilses Erika;14:00-21:00;;https://www.ilseserika.de/termine-65/weihnachten-mit-kreuz-der-ilses-erika-weihnachtsmarkt.html;<a class='text-sm underline' target='blank' href='https://www.ilseserika.de/termine-65/weihnachten-mit-kreuz-der-ilses-erika-weihnachtsmarkt.html'>Offizielle Seite</a>;51.31093776085379;12.376263177908811;Ilses Erika;;1;0;0;0;0;0;14:00-21:00;0;0;;0;;0;0;0;0;hausderdemokratie.jpg;<a href="https://commons.wikimedia.org/wiki/File:Leipzig_Haus_der_Demokratie.jpg">Joeb07, CC BY-SA 3.0</a>;Straßenbahn 10 oder 11 bis Connewitz Kreuz;305;1;Am Samstag, den 13.12. gibt es auf unserem Biergartengelände einen eintägigen Weihnachtsmarkt mit Ständen, Gastro und Kulturprogramm! Schlendert zwischen 14:00 Uhr und 21:00 Uhr über unser Biergartengelände, genießt veganes Gulasch aus dem Feuertopf oder süße Crêpes, vergesst Eure guten Vorsätze aus dem Vorjahr weiterhin erfolgreich beim Genuss von Glühwein und wohnt unserem bunten Kulturprogramm auf der Winterbühne bei.
111;Connewitz;ATVentsmarkt;ATVentsmarkt;Gerhard-Langner-Weg 1;04299 Leipzig;06.12.25;06.12.25;Allgemeiner Turnverein 1845 e.V.;14:00-22:00;;https://www.atv1845.de/events/atv-adventsmarkt-751/;<a class='text-sm underline' target='blank' href='https://www.atv1845.de/events/atv-adventsmarkt-751/'>Offizielle Seite</a>;51.31036608830581;12.421046212203748;ATVentsmarkt;;1;0;0;0;0;0;14:00-22:00;0;0;;0;;0;0;0;0;atv.jpg;Jörg Reichert, CC BY-SA 4.0;Straßenbahn 15 bis Südfriedhof;242;1;Glühwein, Leckereien und kleine Überraschungen
112;Zentrum-Süd;Wintermarkt im WeltOffen;WeltOffen;Straße des 17. Juni 11;04107 Leipzig;04.12.25;04.12.25;WeltOffen e.V.;15:00-19:00;;https://www.instagram.com/p/DRKRgZaDLVC;<a class='text-sm underline' target='blank' href='https://www.instagram.com/p/DRKRgZaDLVC'>Offizielle Seite</a>;51.332708406692035;12.372128906746468;WeltOffen;;1;0;0;0;15:00-19:00;0;0;0;0;;0;;0;0;0;0;;;Straßenbahn 10 oder 11 bis Münzgasse;196;1;Am 4. Dezember wird’s bei uns gemütlich, kreativ und richtig besonders: Wir zeigen, dass Schenken auch liebevoll, selbstgemacht und fair sein kann – ganz ohne Einkaufsstress und „Last-Minute-Nervenzusammenbruch“. ✨🎄 Bei uns habt ihr die Möglichkeit, einzigartige Geschenkverpackungen oder kleinen Schmuck und Anhänger aus übrig gebliebenen Bügelperlen zu gestalten. Leckere Snacks, Punsch, Feuerschale & cozy vibes runden alles ab. Kommt mit euren Freund*innen, Familie oder Nachbar*innen vorbei, macht euch einen schönen Nachmittag und nehmt vielleicht schon das ein oder andere Geschenk mit, das wirklich von Herzen kommt. 💚 Die Veranstaltung findet im Rahmen des Projektes „Konsum Global Gerecht“ statt. Das Projekt wird finanziert von Engagement Global mit Mitteln des BMZ, Brot für die Welt, dem Katholischen Fonds und der GLS Treuhand e.V.
113;Connewitz;2. Weihnachtsmarkt in der Likörfabrik;Likörfabrik;Prellerstraße 54a;04155 Leipzig;30.11.25;30.11.25;Salumeria Italiana;14:00-20:00;;https://www.instagram.com/p/DQd2giUjOe6/;<a class='text-sm underline' target='blank' href='https://www.instagram.com/p/DQd2giUjOe6/'>Offizielle Seite</a>;51.3580885994526;12.372988107978387;Likörfabrik;;1;0;0;0;0;0;0;14:00-20:00;0;;0;;0;0;0;0;;;Straßenbahn 12 bis Fritz-Seger-Str.;347;1;Wir laden euch herzlich ein, den Ersten Advent in besonderer Atmosphäre mit einem Rundgang durch die Alte Horn Likörfabrik zu genießen.
114;;4. Brandiser Schlossweihnacht;Brandiser Schlossweihnacht;Im Schloss 1;04821 Brandis;05.12.25;07.12.25;Schloss Brandis;14:00-20:00;;https://schloss-brandis.de/Aktuelles/;<a class='text-sm underline' target='blank' href='https://schloss-brandis.de/Aktuelles/'>Offizielle Seite</a>;51.33290926358896;12.608253449074795;Brandiser Schlossweihnacht;;1;0;0;0;0;17:00-22:00;14:00-22:00;12:00-17:00;0;;05.12.25=17:00-22:00,06.12.25=14:00-22:00,07.12.25=12:00-17:00;;0;0;0;0;;;Bus 689 bis Markt, Brandis;354;1;Für Kinder wird es besonders magisch – die Weihnachtsmannstunde sorgt für strahlende Augen, leuchtende Gesichter und unvergessliche Momente. 🌟🎅 Auch Erwachsene dürfen sich auf viele Entdeckungen freuen: Beim gemütlichen Bummel durch den Schlosspark warten handgemachtes Kunsthandwerk, individuelle Geschenkideen und festliche Dekorationen darauf, entdeckt zu werden. Hier findet jeder etwas, das von Herzen kommt. 🎄✨
115;Neustadt-Neuschönefeld;Garage Ost Winter Market;Garage Ost;Hermann-Liebmann-Straße 65-67;04315 Leipzig;30.11.25;21.12.25;Garage Ost;12:00-18:00;;https://garageost.org;<a class='text-sm underline' target='blank' href='https://garageost.org'>Offizielle Seite</a>;51.344548128508535;12.405703426012849;Garage Ost;;1;0;0;0;0;0;0;12:00-18:00;01.12.25,02.12.25,03.12.25,04.12.25,05.12.25,06.12.25,08.12.25,09.12.25,10.12.25,11.12.25,12.12.25,13.12.25,15.12.25,16.12.25,17.12.25,18.12.25,19.12.25,20.12.25;Montag - Samstag;0;;0;0;0;0;garage_ost.jpg;Jörg Reichert, CC BY-SA 4.0;Straßenbahn 1, 3, oder 8 bis Eisenbahn-Str./Hermann-Liebmann-Str.;133;1;Workshops, Art & Clothes
116;Zentrum-Süd;Solidarischer Wintermarkt;Solidarischer Wintermarkt;Riemannstraße 8 nahe Bayrischer Platz;04107 Leipzig;17.12.25;17.12.25;Die Linke;16:00-21:00;;https://www.die-linke-in-leipzig.de/termine/termine/detail/news/solidarischer-wintermarkt/;<a class='text-sm underline' target='blank' href='https://www.die-linke-in-leipzig.de/termine/termine/detail/news/solidarischer-wintermarkt/'>Offizielle Seite</a>;51.330558737461274;12.380091308308806;Solidarischer Wintermarkt;;1;0;0;16:00-21:00;0;0;0;0;0;;0;;0;0;0;0;bayrischerbahnhof.jpg;Jörg Reichert, CC BY-SA 4.0;S1 bis S6 oder Straßenbahn 2 oder 16 bis Bayrischer Bahnhof;317;1;Mit festlicher Küche für alle (ab 18:00 Uhr), warmen Getränken, Süßem und Snacks, kleinen Geschenketüten und feierlichen Überraschungen. Geplant sind gutes Essen, Getränke und die Verteilung von solidarischen Geschenktüten. Damit wollen wir den Menschen vor Ort direkt eine Freude machen oder ihnen ein Weiterverschenken ermöglichen! Die Tüten sollen hilfreiche sowie freudige Inhalte für Erwachsene oder Kinder beinhalten.
117;Connewitz;Weihnachtsmarkt in der Kulturfabrik;Weihnachtsmarkt in der Kulturfabrik;Windscheidstraße 51;04277 Leipzig;12.12.25;21.12.25;HALLE 5 e.V.;16:00-21:00;;https://www.halle5.de/veranstaltung/weihnachtsmarkt-in-der-kulturfabrik/;<a class='text-sm underline' target='blank' href='https://www.halle5.de/veranstaltung/weihnachtsmarkt-in-der-kulturfabrik/'>Offizielle Seite</a>;51.309679000000386;12.369844093253391;Weihnachtsmarkt in der Kulturfabrik;;1;16:00-21:00;16:00-21:00;16:00-21:00;16:00-21:00;16:00-21:00;16:00-21:00;16:00-21:00;0;;0;;0;0;0;0;;;Straßenbahn 11 bis Connewitz Kreuz;410;0;Im Kinder- und Jugendzentrum HALLE 5 e.V. findet ihr wieder viele Angebote für Kinder und Familien: tgl. Bastelangebote im Freizeittreff (1. Etg.), Kinderveranstaltungen in unserer Veranstaltungshalle am Wochenende, Kräppelchen, Schokoäpfel, Kinderpunsch, Feuerkorb (je Wetterlage) und Sachsenobst-Glühwein auf dem Außengelände unseres Vereines. Ein kleiner Tipp: Wer dem Gedränge aus dem Weg gehen möchte, findet den direkten Zugang zu uns über die Windscheidstr. 51